,ID,geometry,latitude,longitude,aoi_area,date,p,year,2022-07-01,2022-07-06,2022-07-11,2022-07-16,2022-07-21,2022-07-26,2022-07-31,2022-08-05,2022-08-10,2022-08-15,2022-08-20,2022-08-25,2022-08-30,2022-09-04,2022-09-19,2022-09-24,2022-09-29
0,5509970,"MULTIPOLYGON (((-15.916666666666686 16.25, -15.916666666666686 16.33333333333337, -15.833333333333314 16.33333333333337, -15.833333333333314 16.25, -15.916666666666686 16.25)))",16.2916666667,-15.875,1114.78,2022-07-01,0.0,2022.0,0.0,0.0,0.0,0.0,0.0,0.0,0.0,0.0,0.0,0.0,0.0,0.0,0.0,0.0,0.0,0.0,0.0
1,5509969,"MULTIPOLYGON (((-16 16.25, -16 16.33333333333337, -15.916666666666686 16.33333333333337, -15.916666666666686 16.25, -16 16.25)))",16.2916666667,-15.9583333333,6401.76,2022-07-01,0.0003014795931118,2022.0,0.07844772665336304,0.12716740055538955,0.21316403175888027,0.38330859502815406,0.788897670858909,2.229999999999734,6.467958587548392,12.60518695613923,19.308964519350255,26.287875607369475,33.342489485913035,40.20100242981808,46.64640338114607,52.570115297557656,57.95714176172153,62.851737698466145,67.32746888961579
2,5505644,"MULTIPOLYGON (((-16.416666666666686 16.166666666666686, -16.416666666666686 16.25, -16.333333333333314 16.25, -16.333333333333314 16.166666666666686, -16.416666666666686 16.166666666666686)))",16.2083333333,-16.375,6766.41,2022-07-01,0.0028257229461413,2022.0,6.947569670940572,10.124603757082562,15.219940439009372,23.98285889978632,38.36296211429504,58.369999999999756,81.6436955688005,105.25008215864442,127.17643899191275,146.58579702126474,163.439954945082,178.08086206076516,190.96229183418524,202.51910492576667,213.1188791992279,223.05340873800276,232.54616479447935
3,5505643,"MULTIPOLYGON (((-16.5 16.166666666666686, -16.5 16.25, -16.416666666666686 16.25, -16.416666666666686 16.166666666666686, -16.5 16.166666666666686)))",16.2083333333,-16.4583333333,1883.63,2022-07-01,0.0026225957327075,2022.0,3.6583028453764155,4.864504877737831,7.295640322042336,11.666424398546713,17.420426185372627,23.010000000000094,27.476730633183426,30.70449858015394,32.94851199216491,34.50851345946807,35.61998825709229,36.44435217666718,37.08607188054711,37.61111216415926,38.06073838244674,38.46071046382463,38.82712517274643
4,5527255,"MULTIPOLYGON (((-15.5 16.583333333333314, -15.5 16.6666666666668, -15.416666666666686 16.6666666666668, -15.416666666666686 16.583333333333314, -15.5 16.583333333333314)))",16.625,-15.4583333333,223.7,2022-07-01,0.0004470272686633,2022.0,0.01652917704686405,0.026701577315209734,0.04385940458415669,0.07537360729143668,0.16402311820297993,0.4699999999999942,1.1241868833677144,1.9814140819327837,2.8209499235391595,3.5443974861078593,4.1544243680405994,4.687901430948107,5.180926536796096,5.659254406777647,6.138865913186206,6.628934360914753,7.134543030806378
5,5505648,"MULTIPOLYGON (((-16.08333333333337 16.166666666666686, -16.08333333333337 16.25, -16 16.25, -16 16.166666666666686, -16.08333333333337 16.166666666666686)))",16.2083333333,-16.0416666667,6196.9,2022-07-01,0.0,2022.0,0.003220191517904907,0.010327898422551503,0.02991637319786927,0.08567833725295043,0.2782633613478362,1.2199999999998836,4.321574810454993,9.391387554237609,15.431539005415555,21.70607193546774,27.654704962302148,32.94186981803007,37.45129890425214,41.20788156522688,44.30151967929074,46.83946111856101,48.92310266329099
6,5505647,"MULTIPOLYGON (((-16.16666666666663 16.166666666666686, -16.16666666666663 16.25, -16.08333333333337 16.25, -16.08333333333337 16.166666666666686, -16.16666666666663 16.166666666666686)))",16.2083333333,-16.125,8602.56,2022-07-01,0.0,2022.0,0.2211444707258088,0.4178394727902287,0.7121020707035076,1.3778745669607828,3.7560843557242336,8.539999999999287,14.19291179620347,19.14485367604321,22.822378766382748,25.324107554479657,26.95502857463651,28.00081072964529,28.67040867692277,29.10231954434874,29.384443251901335,29.571607643841492,29.697894037720683
7,5505646,"MULTIPOLYGON (((-16.25 16.166666666666686, -16.25 16.25, -16.16666666666663 16.25, -16.16666666666663 16.166666666666686, -16.25 16.166666666666686)))",16.2083333333,-16.2083333333,8592.73,2022-07-01,1.97841663825117e-05,2022.0,0.5454205443037566,1.0718080971480108,1.917712751368642,3.310225556784949,9.074993115426363,35.23999999999938,78.22905356843484,114.39751369030333,137.35543107309408,151.07666382641438,159.7870591457442,165.98512937324875,170.91414043114253,175.1463672197264,178.93214556079124,182.37633183768727,185.52191097004342
8,5505645,"MULTIPOLYGON (((-16.333333333333314 16.166666666666686, -16.333333333333314 16.25, -16.25 16.25, -16.25 16.166666666666686, -16.333333333333314 16.166666666666686)))",16.2083333333,-16.2916666667,8602.2,2022-07-01,0.0006091464974076,2022.0,0.8488536345588403,1.3760129016428106,2.3041361501170003,4.071090009839421,7.786555824810155,24.129999999999413,77.21257120686987,144.46034539291054,201.2908255997803,248.6639255570942,292.35296301019923,335.24263296797534,377.93984954476394,420.16454744446355,461.50850467177816,501.716341777244,540.7362789321069
9,5522926,"MULTIPOLYGON (((-16.25 16.5, -16.25 16.583333333333314, -16.16666666666663 16.583333333333314, -16.16666666666663 16.5, -16.25 16.5)))",16.5416666667,-16.2083333333,1952.78,2022-07-01,0.0003431006052909,2022.0,0.4235473584785978,0.686580826182331,1.1496808639622473,2.031327132965903,3.8852106146172996,12.039999999999859,38.526289155852666,72.08050387611542,100.43686449321946,124.07433334883764,145.87358784263748,167.2739867772264,188.5783584135522,209.6469602665315,230.27610427883462,250.33836531280954,269.80790710081425
10,5522925,"MULTIPOLYGON (((-16.333333333333314 16.5, -16.333333333333314 16.583333333333314, -16.25 16.583333333333314, -16.25 16.5, -16.333333333333314 16.5)))",16.5416666667,-16.2916666667,865.67,2022-07-01,0.0007970704772026,2022.0,0.2590092580607932,0.38653959034962304,0.5657440924397463,0.8240136680202476,1.636360826423443,7.959999999999936,27.97175167268838,52.705258111249755,71.70162429201224,83.90149587175816,91.54165980246387,96.68101127074475,100.63938833962382,104.18147936503057,107.74148679755058,111.57108904797589,115.82319205408199
11,5522930,"MULTIPOLYGON (((-15.916666666666686 16.5, -15.916666666666686 16.583333333333314, -15.833333333333314 16.583333333333314, -15.833333333333314 16.5, -15.916666666666686 16.5)))",16.5416666667,-15.875,948.7,2022-07-01,0.0012754295351533,2022.0,0.285365729063457,0.42587980916907986,0.6247840912760431,0.9532794810392885,2.0952461383483825,8.769999999999971,27.56563629828708,51.20077201932051,70.54789154678797,83.92239759320715,92.90556926880035,99.26078267773275,104.23423375307874,108.61235462068667,112.88011811802673,117.34071533153079,122.18988810661192
12,5522927,"MULTIPOLYGON (((-16.16666666666663 16.5, -16.16666666666663 16.583333333333314, -16.08333333333337 16.583333333333314, -16.08333333333337 16.5, -16.16666666666663 16.5)))",16.5416666667,-16.125,4323.02,2022-07-01,0.0003793644257949,2022.0,0.7107546100761329,1.1481530331228795,1.8824739656467493,3.1046231282641763,5.418809724983697,20.209999999999837,71.56538329564323,134.12071253682998,180.11802425635054,209.92642349800224,231.13967643958887,249.07494208670835,266.40200585098785,284.27173695160934,303.11189158260146,323.0400256698774,344.0580648028418
13,5522934,"MULTIPOLYGON (((-15.583333333333371 16.5, -15.583333333333371 16.583333333333314, -15.5 16.583333333333314, -15.5 16.5, -15.583333333333371 16.5)))",16.5416666667,-15.5416666667,2145.3,2022-07-01,0.001389083111919,2022.0,1.2640736546020126,1.9943371701688453,2.6885533226770746,3.3907295706739466,4.236080235337044,6.649999999999907,14.353710007359844,23.564706467386564,30.530832801599487,35.783011485973326,40.49656035635723,45.32629452747234,50.53186714291521,56.18447698131463,62.27981162341497,68.78957439870744,75.68373707365599
14,5522933,"MULTIPOLYGON (((-15.666666666666629 16.5, -15.666666666666629 16.583333333333314, -15.583333333333371 16.583333333333314, -15.583333333333371 16.5, -15.666666666666629 16.5)))",16.5416666667,-15.625,1342.94,2022-07-01,0.0008265447451114,2022.0,0.15755470822073636,0.25451388364129196,0.41729259604638563,0.688209382217889,1.2012007703081151,4.479999999999973,15.86407309077102,29.73086552028696,39.92720181437169,46.534902388473625,51.23729591535676,55.2130500023976,59.05398249442988,63.01520937868444,67.19155241415426,71.60907050970083,76.26819051542473
15,5518605,"MULTIPOLYGON (((-16.333333333333314 16.41666666666663, -16.333333333333314 16.5, -16.25 16.5, -16.25 16.41666666666663, -16.333333333333314 16.41666666666663)))",16.4583333333,-16.2916666667,5119.12,2022-07-01,0.0014260263482786,2022.0,0.40128735081252576,1.2975800095411858,3.692360823811772,10.16576313334841,27.539896122990058,61.630000000000045,105.56543010607756,147.46835631763082,181.15907887456683,206.0229993896964,223.69130443870353,236.08849393152073,244.7871014617589,250.92701598741965,255.29742847918857,258.43653053968643,260.71109192229204
16,5522931,"MULTIPOLYGON (((-15.833333333333314 16.5, -15.833333333333314 16.583333333333314, -15.75 16.583333333333314, -15.75 16.5, -15.833333333333314 16.5)))",16.5416666667,-15.7916666667,236.44,2022-07-01,0.0001691761123329,2022.0,0.0021907860326731724,0.007026357123539816,0.020352944653455104,0.05831887140506139,0.1944859792630332,0.829999999999982,3.027055950562556,7.490489523545459,13.50822671116082,19.785692213888964,25.44112965458881,30.154080108820157,33.93749534596974,36.932000781134064,39.299007234531125,41.18016299516898,42.687970999044225
17,5501324,"MULTIPOLYGON (((-16.416666666666686 16.083333333333428, -16.416666666666686 16.166666666666686, -16.333333333333314 16.166666666666686, -16.333333333333314 16.083333333333428, -16.416666666666686 16.083333333333428)))",16.125,-16.375,8602.56,2022-07-01,0.0001464680281218,2022.0,0.01925272602811451,0.22717202034714382,1.4840885980871728,6.827400973876458,25.409170383400937,84.64999999999921,176.70988750118326,255.35501565318185,307.5270879627814,339.84181960437803,359.8370293937636,372.4138208690683,380.46165408454016,385.6845186670214,389.1113110038153,391.37893930342153,392.8898233073832
18,5518609,"MULTIPOLYGON (((-16 16.41666666666663, -16 16.5, -15.916666666666686 16.5, -15.916666666666686 16.41666666666663, -16 16.41666666666663)))",16.4583333333,-15.9583333333,7911.29,2022-07-01,0.0031865852471594,2022.0,3.338698025698119,4.9951110008465855,7.523371300883262,12.395513150204943,28.319533358189524,102.59999999999962,286.1819743788416,521.2601889892912,728.2154002136167,882.3302002619048,992.2557896497874,1073.2861946138519,1137.8916753536532,1194.599284426059,1248.9686251852327,1304.6361839206506,1364.0436102980557
19,5501323,"MULTIPOLYGON (((-16.5 16.083333333333428, -16.5 16.166666666666686, -16.416666666666686 16.166666666666686, -16.416666666666686 16.083333333333428, -16.5 16.083333333333428)))",16.125,-16.4583333333,3556.02,2022-07-01,0.0008183306055646,2022.0,4.950431424838395,5.947091709604774,7.786307515210764,12.125943706189176,19.439675637207028,27.239999999999828,33.53297903714769,38.08031426041024,41.352551733865546,43.82593203568301,45.818016391863694,47.51220331866855,49.00822992315307,50.35934809885816,51.59447377674558,52.73028204199041,53.77749463951497
20,5522936,"MULTIPOLYGON (((-15.416666666666686 16.5, -15.416666666666686 16.583333333333314, -15.333333333333258 16.583333333333314, -15.333333333333258 16.5, -15.416666666666686 16.5)))",16.5416666667,-15.375,2194.49,2022-07-01,0.0007655537277453,2022.0,0.31821327936258303,0.5016411117963049,0.8435579550060288,1.5672543042500184,3.3406581790951875,9.60999999999986,24.39754562576402,43.173156224477495,59.83063708387967,72.66609157755461,82.41387220236226,90.17458530102687,96.79299558453822,102.83631743631145,108.68431220014445,114.60251071129072,120.78633603125171
21,5518608,"MULTIPOLYGON (((-16.08333333333337 16.41666666666663, -16.08333333333337 16.5, -16 16.5, -16 16.41666666666663, -16.08333333333337 16.41666666666663)))",16.4583333333,-16.0416666667,7465.62,2022-07-01,0.0005545420206225,2022.0,1.0732915426880658,1.739855336088776,2.916465917948874,5.2576281101725595,11.286535035125715,30.509999999999884,81.84776714173852,178.4878305156621,313.18261162325666,465.43119245048985,616.0200190053133,753.6193990078802,874.1120401182884,977.7327490112028,1066.6834080854844,1143.7319924069081,1211.546213193334
22,5522935,"MULTIPOLYGON (((-15.5 16.5, -15.5 16.583333333333314, -15.416666666666686 16.583333333333314, -15.416666666666686 16.5, -15.5 16.5)))",16.5416666667,-15.4583333333,5720.01,2022-07-01,0.0002342653247109,2022.0,0.06955842586244348,0.13698453256399676,0.26100848380256975,0.48545281273310276,1.078269763348493,7.519999999999811,56.95615822292117,168.1386945732738,287.360599674482,378.76291713318216,441.28528238570607,484.44000350755766,517.2277248844728,546.276552568404,576.3810674400061,611.2551289812302,654.0798597487059
23,5518607,"MULTIPOLYGON (((-16.16666666666663 16.41666666666663, -16.16666666666663 16.5, -16.08333333333337 16.5, -16.08333333333337 16.41666666666663, -16.16666666666663 16.41666666666663)))",16.4583333333,-16.125,8611.84,2022-07-01,0.0013307260701545,2022.0,2.0949114116724012,3.294776739077428,5.411472420884314,9.30127271663059,19.351710760226325,63.26999999999976,171.95093449328013,310.6961541826335,432.0310442962069,522.027975550847,586.6166764386383,635.2040930149968,675.1166882708538,711.151342392356,746.3168796270512,782.5331511088788,821.0854075240354
24,5518606,"MULTIPOLYGON (((-16.25 16.41666666666663, -16.25 16.5, -16.16666666666663 16.5, -16.16666666666663 16.41666666666663, -16.25 16.41666666666663)))",16.4583333333,-16.2083333333,8602.56,2022-07-01,0.0001336811367778,2022.0,0.6692558253215514,1.0811158992552512,1.772647778885058,2.949758198761394,5.806026131103857,19.029999999999475,54.595506056064956,99.80447313151292,138.56105877974892,167.90998908314734,190.73178785759302,210.16719829766512,228.30530739785317,246.31446398650408,264.7839421162717,283.9853412767836,304.03323601521726
25,5501327,"MULTIPOLYGON (((-16.16666666666663 16.083333333333428, -16.16666666666663 16.166666666666686, -16.08333333333337 16.166666666666686, -16.08333333333337 16.083333333333428, -16.16666666666663 16.083333333333428)))",16.125,-16.125,2231.16,2022-07-01,0.0,2022.0,5.93466176717598e-06,0.00012876332605483285,0.0014668957112818793,0.011257272609492146,0.07861664339267077,0.599999999999868,2.9760805833845794,8.083347469382986,14.606876590005708,20.814364591629023,25.888855788947964,29.745739676589814,32.58631533272914,34.656109411695205,36.163137708041994,37.264410532078,38.073409032698706
26,5518613,"MULTIPOLYGON (((-15.666666666666629 16.41666666666663, -15.666666666666629 16.5, -15.583333333333371 16.5, -15.583333333333371 16.41666666666663, -15.666666666666629 16.41666666666663)))",16.4583333333,-15.625,2349.42,2022-07-01,7.66146538294558e-05,2022.0,0.2404621126971393,0.3588602478245811,0.525232266724842,0.7650140879601138,1.5394167231620801,7.389999999999813,24.751939212468624,46.59929740621492,64.0752576681481,75.61664942807549,82.92645136412244,87.83707421959015,91.58854709701355,94.91599670471963,98.24010896533903,101.80451257688833,105.75633532800319
27,5501326,"MULTIPOLYGON (((-16.25 16.083333333333428, -16.25 16.166666666666686, -16.16666666666663 16.166666666666686, -16.16666666666663 16.083333333333428, -16.25 16.083333333333428)))",16.125,-16.2083333333,6238.32,2022-07-01,0.0,2022.0,0.0021274518548354115,0.004189686472448157,0.007982686970354574,0.0147473419711541,0.02947803062793936,0.23000000000000012,2.11470347313043,6.353471046274608,10.599607315669665,13.604118209381994,15.497126606906296,16.71078852151694,17.594739386039645,18.3812188406486,19.22390781116055,20.234337190158655,21.50513271252173
28,5518612,"MULTIPOLYGON (((-15.75 16.41666666666663, -15.75 16.5, -15.666666666666629 16.5, -15.666666666666629 16.41666666666663, -15.75 16.41666666666663)))",16.4583333333,-15.7083333333,2464.97,2022-07-01,0.0028479048426552,2022.0,0.46329889627600745,0.7510190598688783,1.2575828055135205,2.2219749452791464,4.249852474627059,13.169999999999837,42.14212858659296,78.84553455551821,109.86324795479231,135.71918357177663,159.56438138600788,182.97328952292943,206.27715783276423,229.32312846430384,251.88839645782807,273.83357733967597,295.13041000977756
29,5501325,"MULTIPOLYGON (((-16.333333333333314 16.083333333333428, -16.333333333333314 16.166666666666686, -16.25 16.166666666666686, -16.25 16.083333333333428, -16.333333333333314 16.083333333333428)))",16.125,-16.2916666667,8611.84,2022-07-01,3.71581450653983e-05,2022.0,1.8772480009132664e-16,3.461333824183627e-10,3.4307080996341336e-06,0.0013098278851483654,0.08525491057829904,2.7599999999994775,28.87223922306607,87.49397758209342,145.5863942989421,186.37293907333492,211.63343051330074,226.64466516282172,235.46843929775008,240.65674749020872,243.72140730107154,245.54274053368812,246.63217259326217
30,5518611,"MULTIPOLYGON (((-15.833333333333314 16.41666666666663, -15.833333333333314 16.5, -15.75 16.5, -15.75 16.41666666666663, -15.833333333333314 16.41666666666663)))",16.4583333333,-15.7916666667,2687.35,2022-07-01,0.0015442722384505,2022.0,0.5002361762380956,0.8109060250663007,1.3592791621576827,2.4442368705385613,5.030549273369956,14.219999999999972,41.2441126076004,80.37926390866406,123.12711904268735,167.62941306584653,212.6144396814973,256.3489930726817,297.4492628161322,335.2228876822231,369.5742402922765,400.78552021179075,429.32583300916974
31,5518610,"MULTIPOLYGON (((-15.916666666666686 16.41666666666663, -15.916666666666686 16.5, -15.833333333333314 16.5, -15.833333333333314 16.41666666666663, -15.916666666666686 16.41666666666663)))",16.4583333333,-15.875,7730.15,2022-07-01,0.0002354417443387,2022.0,2.820014776345221,6.619257995640509,14.348148899803169,29.933837792461425,62.74568134077034,126.25999999999988,225.09728902000782,348.17457683894196,477.6067533631472,599.1632876085457,705.5392876625729,794.8364345497287,868.10693888369,927.5706393247306,975.6487936110985,1014.5424669001537,1046.09936815118
32,5518614,"MULTIPOLYGON (((-15.583333333333371 16.41666666666663, -15.583333333333371 16.5, -15.5 16.5, -15.5 16.41666666666663, -15.583333333333371 16.41666666666663)))",16.4583333333,-15.5416666667,784.25,2022-07-01,0.0,2022.0,6.528127943849609e-06,0.00014163957588943742,0.0016127666708429694,0.012094244546921476,0.07438717492550072,0.6599999999999481,5.155043592428518,15.032992584948044,25.109180584112586,32.729591775746606,38.023889825871926,41.67731634597298,44.243861082149344,46.087142644231996,47.43630849353859,48.43783417391187,49.1886002658245
33,5497004,"MULTIPOLYGON (((-16.416666666666686 16, -16.416666666666686 16.083333333333428, -16.333333333333314 16.083333333333428, -16.333333333333314 16, -16.416666666666686 16)))",16.0416666667,-16.375,8545.14,2022-07-01,0.000218837842329,2022.0,0.24897279773943357,1.1743596928755238,3.9029462647738944,10.281740711382673,27.228402522730605,66.09999999999972,118.17487045850227,164.2722984962054,196.77693112740576,217.30017494098948,229.64618425739164,236.94972485937245,241.26754127162894,243.83961313511745,245.389718668521,246.33659337903458,246.92315341172272
34,5514288,"MULTIPOLYGON (((-16.08333333333337 16.33333333333337, -16.08333333333337 16.41666666666663, -16 16.41666666666663, -16 16.33333333333337, -16.08333333333337 16.33333333333337)))",16.375,-16.0416666667,8602.08,2022-07-01,2.32501906515633e-05,2022.0,0.4069638914560525,1.363041716216772,3.521070234968372,7.649676396964374,15.638786628813197,32.39999999999947,65.54310453831485,120.56175689926516,196.42474046501505,286.2742014849992,381.33947397429824,474.22788395169067,560.1867627682518,636.9125139500778,703.822673407704,761.3382316692198,810.3627814120648
35,5497003,"MULTIPOLYGON (((-16.5 16, -16.5 16.083333333333428, -16.416666666666686 16.083333333333428, -16.416666666666686 16, -16.5 16)))",16.0416666667,-16.4583333333,7575.04,2022-07-01,0.0004726047651233,2022.0,11.1381555761575,15.58525491129596,21.876120950584472,30.77413569199269,42.92315333787466,54.119999999999735,62.299926190800775,68.10324527524894,72.39540678402368,75.70608559796533,78.32750090240994,80.43134550283672,82.1303168213657,83.50594114056084,84.62098332538183,85.52534686825277,86.25926317079592
36,5514287,"MULTIPOLYGON (((-16.16666666666663 16.33333333333337, -16.16666666666663 16.41666666666663, -16.08333333333337 16.41666666666663, -16.08333333333337 16.33333333333337, -16.16666666666663 16.33333333333337)))",16.375,-16.125,8602.52,2022-07-01,0.0026782849676606,2022.0,1.4544866627283337,2.1706431649200253,3.1767799946150226,4.572902826869659,8.029409374541858,44.69999999999997,174.1135612133912,332.0478345340069,446.0238803818146,513.3206357068176,552.2571348028672,577.2892026178775,596.6493510094299,614.6126833158947,633.3806414041145,654.1345926097116,677.5603338056185
37,5514286,"MULTIPOLYGON (((-16.25 16.33333333333337, -16.25 16.41666666666663, -16.16666666666663 16.41666666666663, -16.16666666666663 16.33333333333337, -16.25 16.33333333333337)))",16.375,-16.2083333333,8593.29,2022-07-01,0.0001000780841796,2022.0,2.547832920525567e-09,1.2822655796156493e-05,0.003017178509375852,0.11892805083876176,1.98135535755612,17.51999999999989,62.499382370436734,119.29523740705233,165.35455594172868,195.85359453501044,214.37854388074038,225.2560678716048,231.57775784106434,235.25316400636757,237.40114672052042,238.66551089518134,239.4155498591221
38,5514285,"MULTIPOLYGON (((-16.333333333333314 16.33333333333337, -16.333333333333314 16.41666666666663, -16.25 16.41666666666663, -16.25 16.33333333333337, -16.333333333333314 16.33333333333337)))",16.375,-16.2916666667,8171.52,2022-07-01,0.0008395010964912,2022.0,21.646691714618054,24.344656729323074,28.628988179248864,42.219972051155914,67.04875166011266,89.37999999999974,103.53282834573314,111.76199275770546,116.83946081192283,120.37065458622935,123.1249190099331,125.44912633041645,127.49860988423042,129.34545188450602,131.02622562237448,132.56247018558443,133.96930369451417
39,5514292,"MULTIPOLYGON (((-15.75 16.33333333333337, -15.75 16.41666666666663, -15.666666666666629 16.41666666666663, -15.666666666666629 16.33333333333337, -15.75 16.33333333333337)))",16.375,-15.7083333333,1758.0,2022-07-01,0.0035153583617747,2022.0,3.7739500706873916,4.897797286189907,5.956632051968691,7.074780204194345,8.463421051078933,10.329999999999844,12.860359416802089,16.20813400265239,20.48293315362791,25.74279667850714,31.99462641659189,39.20238979169565,47.300364144467835,56.20795574129806,65.8431678522996,76.13290796860754,87.01946356653103
40,5497006,"MULTIPOLYGON (((-16.25 16, -16.25 16.083333333333428, -16.16666666666663 16.083333333333428, -16.16666666666663 16, -16.25 16)))",16.0416666667,-16.2083333333,150.92,2022-07-01,0.0,2022.0,2.617699345257861e-06,1.8171211411581552e-05,9.810360420821405e-05,0.0004565907225476901,0.0022026597655418426,0.01999999999999909,0.19163934024687793,0.6238822476711339,1.2001513174891065,1.8879290581947021,2.689098465445106,3.5642916803834037,4.453297633545288,5.304423800485317,6.085476797075568,6.7821985973458325,7.392623796575474
41,5514291,"MULTIPOLYGON (((-15.833333333333314 16.33333333333337, -15.833333333333314 16.41666666666663, -15.75 16.41666666666663, -15.75 16.33333333333337, -15.833333333333314 16.33333333333337)))",16.375,-15.7916666667,3360.76,2022-07-01,0.0025232387912257,2022.0,7.378602080178476,10.606716846802987,15.128456273215932,21.139198281257258,30.867859330864274,62.11000000000016,112.96591607525669,155.28738255597008,182.7869593897542,200.891361123116,214.33986190791228,225.60899574296877,235.82982351131324,245.5133332639846,254.90672025926057,264.1458631280025,273.31692563354113
42,5497005,"MULTIPOLYGON (((-16.333333333333314 16, -16.333333333333314 16.083333333333428, -16.25 16.083333333333428, -16.25 16, -16.333333333333314 16)))",16.0416666667,-16.2916666667,5624.9,2022-07-01,0.0,2022.0,1.3165221373108085e-16,2.7185191304390607e-09,4.5441244608770536e-05,0.014363821073392393,0.6706466781076137,10.089999999999852,42.46884519265879,82.26821276555332,111.53910996221607,128.8404042497242,138.21760792939475,143.1441607537119,145.71319175775596,147.05660642007948,147.76413736451204,148.14001730215776,148.34148757268693
43,5514290,"MULTIPOLYGON (((-15.916666666666686 16.33333333333337, -15.916666666666686 16.41666666666663, -15.833333333333314 16.41666666666663, -15.833333333333314 16.33333333333337, -15.916666666666686 16.33333333333337)))",16.375,-15.875,7818.43,2022-07-01,3.70918458053599e-05,2022.0,0.02499607678242703,0.08016819513243424,0.2322197420098977,0.6653972436215876,2.2190147272540717,9.469999999999564,34.537614279309274,85.46377805779967,154.1239842827588,225.7475967054505,290.2740937698194,344.04715497652995,387.2145553329223,421.3807799967843,448.38746808554293,469.85077537860326,487.0543197119744
44,5514289,"MULTIPOLYGON (((-16 16.33333333333337, -16 16.41666666666663, -15.916666666666686 16.41666666666663, -15.916666666666686 16.33333333333337, -16 16.33333333333337)))",16.375,-15.9583333333,8593.29,2022-07-01,5.12027407430681e-05,2022.0,3.2771032943650766,5.39002879398853,8.563568820007719,13.176676612843416,22.39091409715322,68.24999999999984,199.7841953964046,363.73582517184536,494.68720562536186,583.3767311273685,643.3248845870676,687.7659731654924,725.2546444259096,760.728680907099,796.9862081632701,835.663982481339,877.7841015366631
45,5509964,"MULTIPOLYGON (((-16.416666666666686 16.25, -16.416666666666686 16.33333333333337, -16.333333333333314 16.33333333333337, -16.333333333333314 16.25, -16.416666666666686 16.25)))",16.2916666667,-16.375,2938.47,2022-07-01,0.0001531409202748,2022.0,2.5942997727063304e-05,0.002255679830009213,0.051410200958788045,0.4889142926332327,2.6176356686999593,9.05999999999995,19.038079785133615,28.44495341783629,35.7302891422184,41.070224358592604,44.92794274627097,47.69575715565518,49.669503943498675,51.06901613520688,52.05662719606439,52.75103349708859,53.23804474393416
46,5492684,"MULTIPOLYGON (((-16.416666666666686 15.916666666666742, -16.416666666666686 16, -16.333333333333314 16, -16.333333333333314 15.916666666666742, -16.416666666666686 15.916666666666742)))",15.9583333333,-16.375,1657.07,2022-07-01,3.62084884766485e-05,2022.0,1.2728337174954207,1.7234381242120247,2.6309954049218582,5.664667378851447,10.38290767675383,14.53999999999995,17.268865336390455,18.82331551221499,19.655626695667422,20.092502269664752,20.322473647784914,20.445473710670374,20.512850385987043,20.550833183660163,20.57292300606769,20.586180164125558,20.594377574215407
47,5509968,"MULTIPOLYGON (((-16.08333333333337 16.25, -16.08333333333337 16.33333333333337, -16 16.33333333333337, -16 16.25, -16.08333333333337 16.25)))",16.2916666667,-16.0416666667,8611.84,2022-07-01,0.0002043697978596,2022.0,0.6570996336537459,1.29640488159217,2.404975115377019,4.583829272060461,11.952155523874717,42.44999999999959,93.80047956419862,140.33445090106025,174.34210498646306,198.90157511536813,217.46386713608666,232.07878490286564,243.88429734741422,253.5702937188884,261.6040276224868,268.32596516090996,273.993018326113
48,5492683,"MULTIPOLYGON (((-16.5 15.916666666666742, -16.5 16, -16.416666666666686 16, -16.416666666666686 15.916666666666742, -16.5 15.916666666666742)))",15.9583333333,-16.4583333333,7810.54,2022-07-01,0.0005851067915918,2022.0,0.6944665949628303,3.146754869573884,9.869950899469611,22.511386595735054,35.63699173138935,44.39999999999944,49.15034040558985,51.532316258305094,52.701832023738255,53.27723442140932,53.56348387273469,53.70791844020312,53.78187598044951,53.820282689172345,53.84048725698651,53.851240253851735,53.85702195713986
49,5509967,"MULTIPOLYGON (((-16.16666666666663 16.25, -16.16666666666663 16.33333333333337, -16.08333333333337 16.33333333333337, -16.08333333333337 16.25, -16.16666666666663 16.25)))",16.2916666667,-16.125,8611.84,2022-07-01,3.36745689655172e-05,2022.0,0.0670287625001891,0.21031505780540624,0.5627382108026268,1.3180502278303479,3.627370025839764,25.48999999999969,101.07371403892623,193.90932238747837,262.70345500050786,305.7998230014764,333.3977087680108,353.3730644648707,369.9690903906077,385.12978483046123,399.61292455340055,413.622230402419,427.1284955461032
50,5509966,"MULTIPOLYGON (((-16.25 16.25, -16.25 16.33333333333337, -16.16666666666663 16.33333333333337, -16.16666666666663 16.25, -16.25 16.25)))",16.2916666667,-16.2083333333,8602.56,2022-07-01,0.0013309991444407,2022.0,6.091188882195261,7.962971465122134,10.861641620709175,16.080481275993723,32.90626357004193,88.29999999999968,173.46789138234647,251.40616809887425,309.4157236395905,351.6062770478598,384.00901498176603,410.57743644572605,433.4665013503904,453.83088731053203,472.34403291710476,489.4559967005334,505.5057939180102
51,5509965,"MULTIPOLYGON (((-16.333333333333314 16.25, -16.333333333333314 16.33333333333337, -16.25 16.33333333333337, -16.25 16.25, -16.333333333333314 16.25)))",16.2916666667,-16.2916666667,8611.84,2022-07-01,0.0004366082045184,2022.0,5.803530245289749,7.586917206803194,10.34869659739817,15.321074629097913,31.35225316135464,84.1299999999993,165.27580636462895,239.5334192769897,294.80345220609996,335.00154120086415,365.87404790957896,391.1877658910393,412.99588628095324,432.3985566187417,450.0374121100321,466.3412571055002,481.6330967420386
