,ID,geometry,latitude,longitude,aoi_area,date,p,year,2022-01-07,2022-01-12,2022-01-17,2022-01-27,2022-02-01,2022-02-06,2022-02-16,2022-02-21,2022-02-26,2022-03-03,2022-03-08,2022-03-13,2022-03-18,2022-03-23,2022-03-28,2022-04-02,2022-04-07,2022-04-12,2022-04-17,2022-04-22,2022-04-27,2022-05-02,2022-05-12,2022-05-17,2022-05-22
0,5509970,"MULTIPOLYGON (((-15.916666666666686 16.25, -15.916666666666686 16.33333333333337, -15.833333333333314 16.33333333333337, -15.833333333333314 16.25, -15.916666666666686 16.25)))",16.2916666667,-15.875,1114.78,2022-01-07,4.4851899029404905e-05,2022,0.05,0.0622728954415228,0.07342368953575382,0.08294297820375714,0.09078853084280078,0.09714640446424307,0.10227297773695004,0.10641691373255725,0.10979004540146248,0.11256211788939473,0.11486507780134572,0.11680005284659943,0.11844418487236368,0.11985637428333379,0.12108179283983804,0.1221553109112408,0.12310405669482881,0.1239493133008497,0.12470792292757728,0.12539332854727137,0.12601635033598507,0.1265857680705632,0.12710876120857606,0.12759124408006176,0.12803812329051575
1,5509969,"MULTIPOLYGON (((-16 16.25, -16 16.33333333333337, -15.916666666666686 16.33333333333337, -15.916666666666686 16.25, -16 16.25)))",16.2916666667,-15.9583333333,6401.76,2022-01-07,0.0001827622403838,2022,1.1700000000000002,1.4571857533308807,1.7181143351357517,1.9408656899669146,2.124451621720441,2.2732258644621135,2.393187679043395,2.4901557813405533,2.569087062392895,2.633953558610476,2.6878428205501024,2.733121236609015,2.7715939260118785,2.8046391582285617,2.8333139524507467,2.858434275321558,2.8806349266575064,2.900413931238385,2.9181653965038015,2.934203888004634,2.9487825978605273,2.9621069728496487,2.974345012279143,2.985635111471903,2.996092084996521
2,5505644,"MULTIPOLYGON (((-16.416666666666686 16.166666666666686, -16.416666666666686 16.25, -16.333333333333314 16.25, -16.333333333333314 16.166666666666686, -16.416666666666686 16.166666666666686)))",16.2083333333,-16.375,6775.01,2022-01-07,0.0005653128187264,2022,3.83,4.770103790820084,5.624254618438077,6.353432130407048,6.954401462557719,7.4414145819601405,7.834110094649449,8.151535591912923,8.409917477751033,8.622258230326619,8.798664959582045,8.94688404804846,9.072824561221985,9.180998270102284,9.2748653315305,9.357096815799942,9.429770742822773,9.494517398843968,9.552626896251292,9.605128966719851,9.652852435735316,9.696469834203997,9.736531108575777,9.773489296531578,9.80772024405235
3,5505643,"MULTIPOLYGON (((-16.5 16.166666666666686, -16.5 16.25, -16.416666666666686 16.25, -16.416666666666686 16.166666666666686, -16.5 16.166666666666686)))",16.2083333333,-16.4583333333,1883.63,2022-01-07,4.778008419912615e-05,2022,0.09,0.11209121179474103,0.13216264116435686,0.14929736076676287,0.16341935551704145,0.1748635280356375,0.1840913599265101,0.19155044471860305,0.1976220817226325,0.20261181220091054,0.20675714004242235,0.21024009512387898,0.2131995327702546,0.2157414737100008,0.2179472271117085,0.21987955964023348,0.22158730205069185,0.22310876394152948,0.22447426126963912,0.22570799138508843,0.2268294306047731,0.2278543825270138,0.22879577017543692,0.22966423934411115,0.23046862192292833
4,5527255,"MULTIPOLYGON (((-15.5 16.583333333333314, -15.5 16.6666666666668, -15.416666666666686 16.6666666666668, -15.416666666666686 16.583333333333314, -15.5 16.583333333333314)))",16.625,-15.4583333333,223.7,2022-01-07,0.0028162717925793,2022,0.63,0.7846384825631741,0.9251384881504827,1.0450815253673227,1.143935488619271,1.224044696249442,1.288639519485549,1.3408531130301986,1.3833545720584042,1.4182826854063497,1.4472999802969322,1.471680665867128,1.4923967293917573,1.51019031596998,1.5256305897819338,1.5391569174816082,1.551111114354817,1.56176134759068,1.5713198288874475,1.5799559396955927,1.5878060142333852,1.5949806776890696,1.6015703912280312,1.607649675408751,1.6132803534604714
5,5505648,"MULTIPOLYGON (((-16.08333333333337 16.166666666666686, -16.08333333333337 16.25, -16 16.25, -16 16.166666666666686, -16.08333333333337 16.166666666666686)))",16.2083333333,-16.0416666667,6196.900000000001,2022-01-07,0.0004405428520711,2022,2.73,3.4001000911063985,4.008933448651279,4.528686609924145,4.957053784015835,5.304193683746506,5.584104584436246,5.81036348979635,5.994536478918535,6.145891636759602,6.271633247952098,6.377282885422928,6.467052494029636,6.544158035868588,6.611065889053704,6.669679975752283,6.721481495536176,6.767632506224906,6.809052591844224,6.846475738679513,6.880492728343274,6.911582936651232,6.940138361986728,6.96648192676984,6.990881531660624
6,5505647,"MULTIPOLYGON (((-16.16666666666663 16.166666666666686, -16.16666666666663 16.25, -16.08333333333337 16.25, -16.08333333333337 16.166666666666686, -16.16666666666663 16.166666666666686)))",16.2083333333,-16.125,8602.560000000001,2022-01-07,0.0003940687423278,2022,3.39,4.222102310934549,4.978126150523287,5.623533922213804,6.155462391140876,6.586526222674591,6.934107890564068,7.215066751066188,7.443765078217926,7.631711592899701,7.787852274929955,7.919043582998132,8.03051573434493,8.126262176408689,8.209345554539663,8.282130079780758,8.346455043908012,8.403763441796222,8.455197174488342,8.501667675503594,8.543908552778376,8.582515075182766,8.61797400994003,8.650686348626758,8.680984759095534
7,5505646,"MULTIPOLYGON (((-16.25 16.166666666666686, -16.25 16.25, -16.16666666666663 16.25, -16.16666666666663 16.166666666666686, -16.25 16.166666666666686)))",16.2083333333,-16.2083333333,8593.29,2022-01-07,0.0019212664765183,2022,16.51,20.562510074790758,24.24450228470583,27.387771402880517,29.978372884292718,32.07774275409295,33.770537248740794,35.138864914490284,36.2526729915628,37.16801132707801,37.928448690004245,38.567377449946996,39.11026984485435,39.57657478835669,39.98120799571439,40.335683662891576,40.648959520632324,40.928063251940436,41.17855615068588,41.404877086308865,41.61059888094213,41.79862061689983,41.97131295107167,42.13062879523625,42.278188310528165
8,5505645,"MULTIPOLYGON (((-16.333333333333314 16.166666666666686, -16.333333333333314 16.25, -16.25 16.25, -16.25 16.166666666666686, -16.333333333333314 16.166666666666686)))",16.2083333333,-16.2916666667,8602.560000000001,2022-01-07,0.0003626827363017,2022,3.12,3.8858286755504667,4.581638227030382,5.1756418399137045,5.665204324589959,6.061935638567899,6.381833810784769,6.640415416910622,6.850898833050279,7.023876156297226,7.1675808548029485,7.288323297626761,7.390917136034434,7.479037755278957,7.555503873204813,7.622491400860334,7.681693137756218,7.734437149971915,7.781774390679708,7.824543701348613,7.863420260964342,7.898951927602012,7.93158669941401,7.961693630594715,7.989578893327039
9,5522926,"MULTIPOLYGON (((-16.25 16.5, -16.25 16.583333333333314, -16.16666666666663 16.583333333333314, -16.16666666666663 16.5, -16.25 16.5)))",16.5416666667,-16.2083333333,1952.78,2022-01-07,0.0017820747856901,2022,3.48,4.33419352272988,5.11028879168834,5.772831282981354,6.318881746658778,6.76138975071115,7.118199250491547,7.4066171957858,7.641387159941601,7.83432340510168,7.994609414973467,8.12928367812312,8.243715267116308,8.342003650119825,8.42729278165252,8.50200963942215,8.568042345959872,8.626872205738927,8.679671435759165,8.72737566688987,8.770737983384345,8.81036945771098,8.846769780116674,8.880350587972076,8.911453381019676
10,5522925,"MULTIPOLYGON (((-16.333333333333314 16.5, -16.333333333333314 16.583333333333314, -16.25 16.583333333333314, -16.25 16.5, -16.333333333333314 16.5)))",16.5416666667,-16.2916666667,865.6700000000001,2022-01-07,0.0021832800027724,2022,1.89,2.353915447689542,2.7754154644514712,3.1352445761019934,3.4318064658578407,3.6721340887483565,3.8659185584566784,4.0225593390906305,4.150063716175247,4.2548480562190845,4.341899940890832,4.415041997601421,4.4771901881753084,4.530570947909979,4.57689176934584,4.617470752444864,4.653333343064489,4.685284042772079,4.7139594866623815,4.739867819086817,4.763418042700195,4.784942033067248,4.804711173684133,4.822949026226293,4.839841060381454
11,5522930,"MULTIPOLYGON (((-15.916666666666686 16.5, -15.916666666666686 16.583333333333314, -15.833333333333314 16.583333333333314, -15.833333333333314 16.5, -15.916666666666686 16.5)))",16.5416666667,-15.875,948.7,2022-01-07,0.0029619479287445,2022,2.81,3.499736723813467,4.126411351909229,4.661395375050999,5.102315433365237,5.4596279308902815,5.747741348816404,5.98063055176952,6.170200551561989,6.325991025383776,6.455417372435418,6.564162969978672,6.656563189826618,6.735928234723138,6.804796757598675,6.8651284732115085,6.918447986249152,6.965951407507526,7.008585268529613,7.047105064356418,7.082118888882129,7.114120165565419,7.143512379921741,7.170627917299234,7.19574252892675
12,5522927,"MULTIPOLYGON (((-16.16666666666663 16.5, -16.16666666666663 16.583333333333314, -16.08333333333337 16.583333333333314, -16.08333333333337 16.5, -16.16666666666663 16.5)))",16.5416666667,-16.125,4322.97,2022-01-07,0.0009044707689389,2022,3.91,4.86974042352683,5.74173252169565,6.486140895533471,7.0996631119066524,7.596848829103414,7.997746859029078,8.321802653885545,8.585581550393922,8.802357618950209,8.982449084064768,9.133764132603602,9.262335257018359,9.372768468956215,9.468596200074844,9.552545313258534,9.626737233535112,9.692836300125943,9.752159572936039,9.805758292396112,9.854478596273522,9.899007063117526,9.93990512651013,9.97763528706031,10.012581241317813
13,5522934,"MULTIPOLYGON (((-15.583333333333371 16.5, -15.583333333333371 16.583333333333314, -15.5 16.583333333333314, -15.5 16.5, -15.583333333333371 16.5)))",16.5416666667,-15.5416666667,2145.3,2022-01-07,0.0023493217731785,2022,5.04,6.277107860505296,7.401107905203745,8.36065220293845,9.151483908954024,9.792357569995387,10.309116155884231,10.726824904241424,11.066836576467063,11.346261483250622,11.578399842375276,11.773445326936843,11.939173835133872,12.081522527759654,12.20504471825528,12.313255339852676,12.40888891483834,12.494090780725248,12.570558631099383,12.639647517564542,12.702448113866884,12.759845421512356,12.812563129824053,12.861197403269808,12.90624282768357
14,5522933,"MULTIPOLYGON (((-15.666666666666629 16.5, -15.666666666666629 16.583333333333314, -15.583333333333371 16.583333333333314, -15.583333333333371 16.5, -15.666666666666629 16.5)))",16.5416666667,-15.625,1342.94,2022-01-07,0.0014296990185711,2022,1.92,2.3912791849543176,2.8194696781727604,3.1850103630240643,3.48627958436332,3.730421931426687,3.927282345098622,4.086409487329929,4.215937743415881,4.322385326952472,4.410818987571385,4.485122029309121,4.548256699098464,4.6024847724797135,4.649540845049474,4.690763938991338,4.727195777081113,4.759653630752314,4.788784240418652,4.8151038162149025,4.8390278529015065,4.860893493909305,4.880976430408999,4.8995037726740485,4.916663934355481
15,5518605,"MULTIPOLYGON (((-16.333333333333314 16.41666666666663, -16.333333333333314 16.5, -16.25 16.5, -16.25 16.41666666666663, -16.333333333333314 16.41666666666663)))",16.4583333333,-16.2916666667,5119.67,2022-01-07,0.0023985920967562,2022,12.28,15.29422312043777,18.032858149980868,20.370795446842447,22.297663174991538,23.859156936417737,25.118243332194556,26.135994012715667,26.96443515059878,27.64525615363493,28.210863108010088,28.68609297912439,29.08989180465208,29.436725523986336,29.73768832146378,30.001344359800292,30.234356324249497,30.441951346688228,30.628265871012516,30.79660149120938,30.94961564251747,31.089464638129854,31.21791175282581,31.336409546062697,31.446163080150196
16,5522931,"MULTIPOLYGON (((-15.833333333333314 16.5, -15.833333333333314 16.583333333333314, -15.75 16.583333333333314, -15.75 16.5, -15.833333333333314 16.5)))",16.5416666667,-15.7916666667,236.44,2022-01-07,0.0039333446117408,2022,0.93,1.1582758552123176,1.3656806253650133,1.5427393945898742,1.688666673676085,1.806923123034911,1.9022773859072604,1.9793545954255536,2.0420948444671905,2.0936553927427304,2.136490447105019,2.172480982946737,2.2030618386259517,2.229328561669996,2.2521213468209753,2.2720887829490666,2.2897354545238024,2.305457227395792,2.3195673664529246,2.332315910979234,2.343904116249309,2.354495286112462,2.3642229584795014,2.373197139889135,2.3815090932035794
17,5501324,"MULTIPOLYGON (((-16.416666666666686 16.083333333333428, -16.416666666666686 16.166666666666686, -16.333333333333314 16.166666666666686, -16.333333333333314 16.083333333333428, -16.416666666666686 16.083333333333428)))",16.125,-16.375,8602.560000000001,2022-01-07,0.0013763344864784,2022,11.84,14.746221640552136,17.38672968206596,19.640897238649078,21.498724103574553,23.00426857713203,24.21824112810901,25.19952517186876,25.998282751065506,26.65470951620783,27.200050423357823,27.658252514073876,28.04758297777483,28.381989430292553,28.672168544472754,28.926377623780912,29.151040625334545,29.351197389640287,29.53083614924937,29.693140199992925,29.840671759560326,29.975509879108422,30.099354654189863,30.21360659815767,30.319427595193176
18,5518609,"MULTIPOLYGON (((-16 16.41666666666663, -16 16.5, -15.916666666666686 16.5, -15.916666666666686 16.41666666666663, -16 16.41666666666663)))",16.4583333333,-15.9583333333,7911.67,2022-01-07,0.0020526639761264,2022,16.240000000000002,20.22623643940655,23.848014361212776,26.939879320580246,29.488114817741618,31.55315216998606,33.21826316896128,34.564213580334496,35.65980674639493,36.56017589047531,37.30817726987699,37.936657164575394,38.47067124654361,38.92935036722671,39.3273663143793,39.676044983970904,39.98419761448028,40.258736960115876,40.50513336687699,40.72775311215362,40.93011058912784,41.11505746931882,41.28492564054539,41.441636077203945,41.5867824447594
19,5501323,"MULTIPOLYGON (((-16.5 16.083333333333428, -16.5 16.166666666666686, -16.416666666666686 16.166666666666686, -16.416666666666686 16.083333333333428, -16.5 16.083333333333428)))",16.125,-16.4583333333,3556.02,2022-01-07,0.0019319351409722,2022,6.87,8.556295833665187,10.088414942212522,11.396365205196169,12.474344137800761,13.347915973386927,14.052307141056861,14.621683946853288,15.085152238160866,15.466034998002751,15.782461689904817,16.048327261122676,16.27423100146268,16.468265826529972,16.636638336193656,16.7841397192044,16.914497389869386,17.03063564753666,17.134868610249026,17.22904334239499,17.314646536164254,17.39288453289529,17.464743790058257,17.53103693660039,17.59243814011677
20,5522936,"MULTIPOLYGON (((-15.416666666666686 16.5, -15.416666666666686 16.583333333333314, -15.333333333333258 16.583333333333314, -15.333333333333258 16.5, -15.416666666666686 16.5)))",16.5416666667,-15.375,2194.49,2022-01-07,0.0007837811974536,2022,1.72,2.1421876031883227,2.525774920029859,2.8532384502091634,3.123125460992257,3.341836313569865,3.51819043415098,3.660741832399864,3.7767775618102015,3.872136855395067,3.95135867636618,4.017921817922906,4.074479959609193,4.123059275346564,4.1652136736903085,4.202142695346562,4.234779550301989,4.263856377549107,4.289952548708536,4.31353050202601,4.334962451557762,4.354550421627249,4.37254138557489,4.389138796353998,4.404511441193615
21,5518608,"MULTIPOLYGON (((-16.08333333333337 16.41666666666663, -16.08333333333337 16.5, -16 16.5, -16 16.41666666666663, -16.08333333333337 16.41666666666663)))",16.4583333333,-16.0416666667,7465.620000000001,2022-01-07,0.0003415657373399,2022,2.5500000000000003,3.1759176675170466,3.7446081663227186,4.230091888390793,4.630215072981941,4.954466627675434,5.215921864583439,5.427262600359366,5.5992923154735,5.740668012358016,5.858118967867496,5.956802695175414,6.040653428489374,6.112675088448837,6.175171434830542,6.229920856472072,6.27830689143505,6.321414978342107,6.360104069305207,6.395059755909598,6.426833867133991,6.45587417159747,6.48254682163612,6.507153448081885,6.529944287815036
22,5522935,"MULTIPOLYGON (((-15.5 16.5, -15.5 16.583333333333314, -15.416666666666686 16.583333333333314, -15.416666666666686 16.5, -15.5 16.5)))",16.5416666667,-15.4583333333,5720.01,2022-01-07,0.0005139851154106,2022,2.94,3.661646251961275,4.317312944702012,4.877047118380567,5.3383656135563,5.7122085824970785,6.0136510909322265,6.257314527473912,6.455654669605527,6.618652531895931,6.754066574718639,6.867843107379548,6.964518070494478,7.047554807859516,7.119609418981962,7.182732281580439,7.238518533655408,7.288219622089435,7.332825868141013,7.3731277185790205,7.409761399755386,7.443243162548576,7.47399515906373,7.502365151907086,7.528641649481781
23,5518607,"MULTIPOLYGON (((-16.16666666666663 16.41666666666663, -16.16666666666663 16.5, -16.08333333333337 16.5, -16.08333333333337 16.41666666666663, -16.16666666666663 16.41666666666663)))",16.4583333333,-16.125,8611.84,2022-01-07,0.0005585333680142,2022,4.8100000000000005,5.9906525414737555,7.063358933338648,7.979114503200456,8.733856667076362,9.345484109459033,9.838660458293385,10.237307101070746,10.561802367619393,10.828475740958442,11.050020484488101,11.236165083841483,11.394330584719985,11.530183206055291,11.648068471190989,11.75134090965992,11.842610254041077,11.923923939540275,11.996902185631459,12.06283820624602,12.122772902320275,12.177550888386682,12.227862828263513,12.27427768050043,12.3172674605461
24,5518606,"MULTIPOLYGON (((-16.25 16.41666666666663, -16.25 16.5, -16.16666666666663 16.5, -16.16666666666663 16.41666666666663, -16.25 16.41666666666663)))",16.4583333333,-16.2083333333,8602.560000000001,2022-01-07,0.0056297195253505,2022,48.43,60.31752652465801,71.11818568432999,80.33856868815786,87.9377709743354,94.0960073640643,99.0616062360082,103.07542264135326,106.34263797585484,109.02766738766597,111.25831435838165,113.13253118721435,114.72503746736956,116.09288413083522,117.27982454466525,118.3196341486259,119.23858931460924,120.05730486320105,120.7920941476494,121.45597803088505,122.05943693543317,122.6109749531455,123.11754610662474,123.58487901594577,124.01772621919153
25,5501327,"MULTIPOLYGON (((-16.16666666666663 16.083333333333428, -16.16666666666663 16.166666666666686, -16.08333333333337 16.166666666666686, -16.08333333333337 16.083333333333428, -16.16666666666663 16.083333333333428)))",16.125,-16.125,2231.1600000000003,2022-01-07,1.7927894010290612e-05,2022,0.04,0.049818316353218255,0.05873895162860307,0.06635438256300573,0.07263082467424065,0.07771712357139449,0.08181838218956007,0.08513353098604581,0.08783203632117002,0.0900496943115158,0.09189206224107661,0.09344004227727958,0.09475534789789096,0.09588509942666706,0.09686543427187048,0.09772424872899267,0.09848324535586307,0.0991594506406798,0.09976633834206185,0.10031466283781712,0.10081308026878809,0.10126861445645059,0.10168700896686086,0.10207299526404942,0.10243049863241264
26,5518613,"MULTIPOLYGON (((-15.666666666666629 16.41666666666663, -15.666666666666629 16.5, -15.583333333333371 16.5, -15.583333333333371 16.41666666666663, -15.666666666666629 16.41666666666663)))",16.4583333333,-15.625,2349.42,2022-01-07,0.000821479343838,2022,1.93,2.4037337640426237,2.8341544160799135,3.201598958664817,3.5044372905318824,3.749851212319538,3.947736940646015,4.107692870076442,4.2378957524961764,4.344897750530353,4.433792003131657,4.508482039878444,4.571945536072939,4.626456047336383,4.673757203617445,4.715195001173588,4.751816588420082,4.784443493412487,4.81372582500417,4.8401824819243595,4.8642311229687065,4.886210647523422,4.906398182650717,4.925022021490063,4.942271559013586
27,5501326,"MULTIPOLYGON (((-16.25 16.083333333333428, -16.25 16.166666666666686, -16.16666666666663 16.166666666666686, -16.16666666666663 16.083333333333428, -16.25 16.083333333333428)))",16.125,-16.2083333333,6238.320000000001,2022-01-07,5.450185306300414e-05,2022,0.34,0.42345568900235503,0.499281088843126,0.5640122517855486,0.6173620097310454,0.6605955503568529,0.6954562486112603,0.7236350133813894,0.7465723087299451,0.7654224016478842,0.7810825290491512,0.7942403593568761,0.8054204571320729,0.8150233451266697,0.8233561913108988,0.8306561141964375,0.8371075855248359,0.8428553304457781,0.8480138759075256,0.8526746341214453,0.8569111822846985,0.8607832228798297,0.8643395762183173,0.86762045974442,0.8706592383755074
28,5518612,"MULTIPOLYGON (((-15.75 16.41666666666663, -15.75 16.5, -15.666666666666629 16.5, -15.666666666666629 16.41666666666663, -15.75 16.41666666666663)))",16.4583333333,-15.7083333333,2464.9700000000003,2022-01-07,0.0020973886091919,2022,5.17,6.4390173886531565,7.592009497996591,8.576303946268087,9.387534089145165,10.044938221602264,10.575025898000142,11.003508879945906,11.352290694510693,11.638922989762872,11.877049044658596,12.077125464337817,12.247128715801832,12.393149100896135,12.51985737963867,12.630859148221711,12.728959462244703,12.81635899530726,12.894799230710888,12.965670171787254,13.030090624740248,13.088968418495622,13.14304590896615,13.192934637877771,13.23914194823871
29,5501325,"MULTIPOLYGON (((-16.333333333333314 16.083333333333428, -16.333333333333314 16.166666666666686, -16.25 16.166666666666686, -16.25 16.083333333333428, -16.333333333333314 16.083333333333428)))",16.125,-16.2916666667,8611.84,2022-01-07,0.0012715052764565,2022,10.95,13.63776410169243,16.079788008328833,18.164512226621397,19.882688254571825,21.275062577667573,22.397782124390314,23.305304107428224,24.044019942918414,24.651103817775525,25.155452038492758,25.579211573403285,25.93927648704562,26.248545968048052,26.51691263192247,26.752013089559654,26.959788416165406,27.144899612883975,27.311035121137298,27.46113895185029,27.597580723578584,27.722283207451177,27.836818704675984,27.942482453531344,28.04034900062077
30,5518611,"MULTIPOLYGON (((-15.833333333333314 16.41666666666663, -15.833333333333314 16.5, -15.75 16.5, -15.75 16.41666666666663, -15.833333333333314 16.41666666666663)))",16.4583333333,-15.7916666667,2687.35,2022-01-07,0.0009265633430703,2022,2.49,3.1011901929877994,3.6564997388804974,4.130560314547057,4.521268835971426,4.837890942319249,5.093194291300053,5.299562303881288,5.467544260992769,5.605593470891792,5.720280874506951,5.816642631760584,5.898520406643641,5.968847439309952,6.029873283423866,6.08333448337972,6.130582023402403,6.172675802382242,6.210454561793276,6.24458776165404,6.275614246731983,6.303971249913974,6.330016308187012,6.3540439551870005,6.37629853986761
31,5518610,"MULTIPOLYGON (((-15.916666666666686 16.41666666666663, -15.916666666666686 16.5, -15.833333333333314 16.5, -15.833333333333314 16.41666666666663, -15.916666666666686 16.41666666666663)))",16.4583333333,-15.875,7730.150000000001,2022-01-07,0.0006778652419422,2022,5.24,6.526199442270965,7.694802663346263,8.692424115752916,9.514638032324612,10.1809431878517,10.718208066831341,11.152492559170932,11.505996758072168,11.796509954807439,12.03786015357988,12.240645538322449,12.412950574622524,12.56094802489218,12.689371889613813,12.801876583496812,12.901305141616824,12.989888033927805,13.069390322808848,13.141220831752783,13.20651351520997,13.266188493793752,13.320998174657495,13.371562379589193,13.418395320844766
32,5518614,"MULTIPOLYGON (((-15.583333333333371 16.41666666666663, -15.583333333333371 16.5, -15.5 16.5, -15.5 16.41666666666663, -15.583333333333371 16.41666666666663)))",16.4583333333,-15.5416666667,784.25,2022-01-07,0.0010073318457124,2022,0.79,0.9839117479759978,1.1600942946648367,1.3104990556192795,1.4344587873161614,1.5349131905349427,1.6159130482437079,1.6813872369742975,1.734682717342997,1.7784814626523235,1.8148682292611475,1.8454408349761535,1.8714181209832272,1.8937307136765535,1.9130923268693196,1.9300539123974823,1.9450440957781716,1.9583991501533011,1.9703851822555958,1.9812145910467616,1.9910583353084377,2.0000551355147715,2.0083184270953742,2.0159416564648476,2.02300234799002
33,5497004,"MULTIPOLYGON (((-16.416666666666686 16, -16.416666666666686 16.083333333333428, -16.333333333333314 16.083333333333428, -16.333333333333314 16, -16.416666666666686 16)))",16.0416666667,-16.375,8566.460000000001,2022-01-07,0.0033806263030469,2022,28.96,36.06846103972896,42.52700097910737,48.04057297561473,52.584717064148684,56.267197465687936,59.23650870523973,61.63667643389534,63.59039429652521,65.19597868153551,66.5298530625375,67.65059060874842,68.60287187807103,69.42081198490489,70.13057441283213,70.75235607978861,71.30186963764275,71.79144226385003,72.23082895965064,72.62781589457744,72.98867011460042,73.31847686646805,73.6213944920051,73.9008485711696,74.15968100986454
34,5514288,"MULTIPOLYGON (((-16.08333333333337 16.33333333333337, -16.08333333333337 16.41666666666663, -16 16.41666666666663, -16 16.33333333333337, -16.08333333333337 16.33333333333337)))",16.375,-16.0416666667,8602.52,2022-01-07,0.0005626258352203,2022,4.84,6.02801627873858,7.1074131470599955,8.02888029012259,8.788329785581912,9.403771952137438,9.900024244935407,10.301157249310128,10.62767639486011,10.896013011691913,11.118939531168742,11.306245115549274,11.465397095643231,11.602097030625119,11.720717546894717,11.82463409620649,11.916472688057793,11.998293527520607,12.071726939387826,12.138074203374202,12.198382712521681,12.253502349228835,12.304128084988474,12.350832426948285,12.394090334520223
35,5497003,"MULTIPOLYGON (((-16.5 16, -16.5 16.083333333333428, -16.416666666666686 16.083333333333428, -16.416666666666686 16, -16.5 16)))",16.0416666667,-16.4583333333,7575.04,2022-01-07,0.003240906978709,2022,24.55,30.575991661787477,36.05103156205486,40.72500229804446,44.577168643814865,47.698884591943006,50.21603206884212,52.250704642685236,53.90691229211769,55.26799988369241,56.398753200460355,57.348825947679906,58.15609477233014,58.84947977311647,59.45116028436006,59.9782576574188,60.44409183716051,60.85911283071677,61.23159015744001,61.5681243167098,61.874028014968225,62.15361212264609,62.41040175341039,62.647300843309864,62.866718535642775
36,5514287,"MULTIPOLYGON (((-16.16666666666663 16.33333333333337, -16.16666666666663 16.41666666666663, -16.08333333333337 16.41666666666663, -16.08333333333337 16.33333333333337, -16.16666666666663 16.33333333333337)))",16.375,-16.125,8602.560000000001,2022-01-07,0.0010647993155525,2022,9.16,11.40839444488613,13.451219922949097,15.195153606927175,16.632458850399864,17.797221297848004,18.736409521407854,19.495578595803032,20.113536317546433,20.621379997335573,21.04328225320497,21.397769681495426,21.698974668615403,21.957687768705117,22.18218444825668,22.378852958937646,22.552663186490953,22.707514196713973,22.84649148033046,22.9720577898584,23.08619538155074,23.19051271052545,23.286325053409396,23.374715915465572,23.456584186820738
37,5514286,"MULTIPOLYGON (((-16.25 16.33333333333337, -16.25 16.41666666666663, -16.16666666666663 16.41666666666663, -16.16666666666663 16.33333333333337, -16.25 16.33333333333337)))",16.375,-16.2083333333,8593.29,2022-01-07,0.0021551699058218,2022,18.52,23.065880471539323,27.196134604042367,30.722079126670685,33.62807182417236,35.98302821355451,37.88191095376512,39.41682484653798,40.666232816700436,41.6930084662305,42.54602481761713,43.262739574379076,43.87172607672213,44.394801034545445,44.848696067874606,45.24632716152218,45.59774259976316,45.9108256466333,46.191814652373175,46.44568889390786,46.67645616444741,46.887368493335146,47.081085151655095,47.25979680725339,47.42532086680555
38,5514285,"MULTIPOLYGON (((-16.333333333333314 16.33333333333337, -16.333333333333314 16.41666666666663, -16.25 16.41666666666663, -16.25 16.33333333333337, -16.333333333333314 16.33333333333337)))",16.375,-16.2916666667,8171.530000000001,2022-01-07,0.002432836935066,2022,19.880000000000003,24.75970322754931,29.193258959415537,32.978128133813634,36.09751986309737,38.6254104149828,40.663735948211084,42.31136490006449,43.65252205162121,44.75469807282307,45.67035493381477,46.43970101180765,47.0934079052515,47.65489441505322,48.14212083311931,48.568951618309036,48.94617294186362,49.282246968417525,49.58387015600442,49.85638743039478,50.10410089358735,50.33050138485561,50.53844345652952,50.730278646232236,50.90795782030874
39,5514292,"MULTIPOLYGON (((-15.75 16.33333333333337, -15.75 16.41666666666663, -15.666666666666629 16.41666666666663, -15.666666666666629 16.33333333333337, -15.75 16.33333333333337)))",16.375,-15.7083333333,1758.0,2022-01-07,0.000688282138794,2022,1.21,1.5070040696846678,1.7768532867650249,2.0072200725306777,2.1970824463955108,2.3509429880343946,2.475006061233889,2.57528931232757,2.656919098715068,2.724003252923019,2.779734882792227,2.8265612788873606,2.8663492739108505,2.900524257656323,2.9301793867237227,2.9561585240516663,2.9791181720144926,2.999573381880196,3.017931734847001,3.034518550843596,3.049595678130466,3.063375587307255,3.0760320212471646,3.087708106737117,3.098522583630102
40,5497006,"MULTIPOLYGON (((-16.25 16, -16.25 16.083333333333428, -16.16666666666663 16.083333333333428, -16.16666666666663 16, -16.25 16)))",16.0416666667,-16.2083333333,150.92000000000002,2022-01-07,0.0,2022,0.0,0.0,0.0,0.0,0.0,0.0,0.0,0.0,0.0,0.0,0.0,0.0,0.0,0.0,0.0,0.0,0.0,0.0,0.0,0.0,0.0,0.0,0.0,0.0,0.0
41,5514291,"MULTIPOLYGON (((-15.833333333333314 16.33333333333337, -15.833333333333314 16.41666666666663, -15.75 16.41666666666663, -15.75 16.33333333333337, -15.833333333333314 16.33333333333337)))",16.375,-15.7916666667,3360.76,2022-01-07,0.0017853104654899,2022,6.0,7.472747452982533,8.81084274429022,9.953157384450586,10.894623701135798,11.657568535708851,12.27275732843367,12.77002964790652,13.17480544817514,13.507454146727,13.783809336161113,14.01600634159155,14.21330218468325,14.382764913999662,14.529815140780169,14.658637309348498,14.772486803379055,14.87391759610156,14.96495075130887,15.047199425672153,15.121962040317795,15.190292168467169,15.253051345028712,15.310949289606993,15.36457479486147
42,5497005,"MULTIPOLYGON (((-16.333333333333314 16, -16.333333333333314 16.083333333333428, -16.25 16.083333333333428, -16.25 16, -16.333333333333314 16)))",16.0416666667,-16.2916666667,5625.43,2022-01-07,0.0002862003437959,2022,1.61,2.0051872332167484,2.3642428030509355,2.670763898160599,2.923390693137768,3.12811422374818,3.2931898831293216,3.4266246221878545,3.535239461926587,3.624500196037993,3.6986555052028045,3.760961701659965,3.8139027528895646,3.8593752519227973,3.898833729442228,3.933401011341392,3.9639506255729215,3.9911678882867907,4.015595118267415,4.037665179221561,4.05772648081814,4.076061731871553,4.092902110915564,4.108438059377401,4.122827569954018
43,5514290,"MULTIPOLYGON (((-15.916666666666686 16.33333333333337, -15.916666666666686 16.41666666666663, -15.833333333333314 16.41666666666663, -15.833333333333314 16.33333333333337, -15.916666666666686 16.33333333333337)))",16.375,-15.875,7818.43,2022-01-07,0.0004182425371845,2022,3.27,4.072647361874857,4.801909295637435,5.42447077452474,5.937569917118102,6.353374851960352,6.688652743995328,6.95966615810799,7.180268969254354,7.361562509965089,7.512176088206657,7.638723456166225,7.746249690651188,7.8386068781286165,7.918749251723982,7.988957333593707,8.051005307840352,8.106285089874108,8.155898159462085,8.20072368699007,8.241469311971938,8.278709231813341,8.312912983039375,8.344467362834536,8.373693263198222
44,5514289,"MULTIPOLYGON (((-16 16.33333333333337, -16 16.41666666666663, -15.916666666666686 16.41666666666663, -15.916666666666686 16.33333333333337, -16 16.33333333333337)))",16.375,-15.9583333333,8593.29,2022-01-07,0.0015768116751558,2022,13.55,16.875954664652166,19.897819864188676,22.477547093217503,24.60369185839826,26.326675609809072,27.715976966712617,28.838983621522136,29.753102303795426,30.50433394802504,31.12843608416374,31.652814321427485,32.09837410040958,32.48107743078246,32.81316585959511,33.10408925694525,33.36119936429758,33.590263904529245,33.79584711337242,33.9815920363095,34.15043094105092,34.30474314712159,34.44647428752307,34.57722714569568,34.69833141172872
45,5509964,"MULTIPOLYGON (((-16.416666666666686 16.25, -16.416666666666686 16.33333333333337, -16.333333333333314 16.33333333333337, -16.333333333333314 16.25, -16.416666666666686 16.25)))",16.2916666667,-16.375,2939.01,2022-01-07,0.0005307909806363,2022,1.56,1.942914337775377,2.290819113515361,2.5878209199570437,2.8326021622951894,3.0309678192841747,3.190916905392622,3.3202077084555564,3.4254494165253933,3.511938078148873,3.5837904274017394,3.6441616488136503,3.695458568017491,3.739518877639756,3.777751936602687,3.811245700430449,3.8408465688783937,3.8672185749862433,3.8908871953401425,3.912271850674596,3.931710130482463,3.9494759638012997,3.965793349707299,3.9808468152976517,3.994789446663816
46,5492684,"MULTIPOLYGON (((-16.416666666666686 15.916666666666742, -16.416666666666686 16, -16.333333333333314 16, -16.333333333333314 15.916666666666742, -16.416666666666686 15.916666666666742)))",15.9583333333,-16.375,1657.0700000000002,2022-01-07,0.0009112469599956,2022,1.51,1.880641442333876,2.217395423979632,2.504877941753315,2.741813631452419,2.9338214148199646,3.088643927655706,3.2137907947230357,3.315659371123969,3.399375960259517,3.4689253496004326,3.5273615959670903,3.5770143831451677,3.6196625033564636,3.6566701437628892,3.68909038951925,3.717742512183606,3.743269261685436,3.7661792724126077,3.786878522127367,3.80569378014652,3.822890195730779,3.838684588498766,3.853255571217633,3.866751323373343
47,5509968,"MULTIPOLYGON (((-16.08333333333337 16.25, -16.08333333333337 16.33333333333337, -16 16.33333333333337, -16 16.25, -16.08333333333337 16.25)))",16.2916666667,-16.0416666667,8611.84,2022-01-07,0.0002566234393579,2022,2.21,2.75246197851523,3.245327077480227,3.666079636605961,4.012853063251681,4.293871077319422,4.520465615973064,4.703627586978897,4.852720006744505,4.975245610711106,5.077036438819339,5.1625623358195485,5.235232971358326,5.297651743323204,5.351815243520691,5.39926474227669,5.441199305911279,5.478559647897401,5.51209019339876,5.542385121789238,5.569922684850382,5.595090948718735,5.618207245418903,5.63953298833857,5.659285049440635
48,5492683,"MULTIPOLYGON (((-16.5 15.916666666666742, -16.5 16, -16.416666666666686 16, -16.416666666666686 15.916666666666742, -16.5 15.916666666666742)))",15.9583333333,-16.4583333333,7811.43,2022-01-07,0.0016488658286638,2022,12.88,16.041497865735366,18.91394242440911,21.366111185286627,23.387125545104155,25.024913789987593,26.34551906503684,27.41299697750519,28.281915695415137,28.996001568306436,29.58924404162498,30.08769361328231,30.51122202311915,30.875002015385032,31.19066983554051,31.46720809073385,31.711605004586097,31.92934310629707,32.12476094614208,32.30132143377527,32.46181184654792,32.60849385497524,32.743216887327335,32.86750447502204,32.982620559634974
49,5509967,"MULTIPOLYGON (((-16.16666666666663 16.25, -16.16666666666663 16.33333333333337, -16.08333333333337 16.33333333333337, -16.08333333333337 16.25, -16.16666666666663 16.25)))",16.2916666667,-16.125,8611.77,2022-01-07,0.0006340160036786,2022,5.46,6.800200182213365,8.017866897303227,9.05737321984905,9.914107568032499,10.608387367493902,11.168209168873426,11.620726979593671,11.989072957838074,12.291783273520231,12.543266495905248,12.754565770846924,12.934104988060351,13.08831607173827,13.222131778108517,13.339359951505683,13.442962991073477,13.535265012450946,13.61810518368959,13.69295147736017,13.760985456687699,13.823165873303621,13.880276723974616,13.932963853540848,13.98176306332242
50,5509966,"MULTIPOLYGON (((-16.25 16.25, -16.25 16.33333333333337, -16.16666666666663 16.33333333333337, -16.16666666666663 16.25, -16.25 16.25)))",16.2916666667,-16.2083333333,8602.560000000001,2022-01-07,0.0009508797381244,2022,8.18,10.187845694232431,12.012115608048502,13.569471234133736,14.853003645881191,15.893151770349075,16.731859157763886,17.409807086645174,17.961651427678035,18.415162486703714,18.791926728298876,19.10848864570236,19.377468645117368,19.608502832752066,19.80898130859615,19.98460886507763,20.139823675272616,20.278107656017625,20.402216190950245,20.51434855033219,20.616274914965743,20.709431656342723,20.79499333372162,20.873927531496673,20.947036970326945
51,5509965,"MULTIPOLYGON (((-16.333333333333314 16.25, -16.333333333333314 16.33333333333337, -16.25 16.33333333333337, -16.25 16.25, -16.333333333333314 16.25)))",16.2916666667,-16.2916666667,8611.84,2022-01-07,0.0002786860879904,2022,2.4,2.9890989811921553,3.5243370977150774,3.9812629537790927,4.35784948045307,4.663027414282204,4.909102931372061,5.108011859161143,5.269922179268545,5.40298165868925,5.513523734462864,5.606402536635012,5.685320873871671,5.753105965598216,5.811926056310402,5.863454923737718,5.908994721349927,5.949567038438918,5.985980300521831,6.0188797702671355,6.048784816125384,6.076116867385125,6.101220538009734,6.124379715841042,6.145829917942827
