,ID,Latitude,Longitude,nasapid,LatNP,LonNP,geometry,aoi_area,total_flooding_area,flooding_date,2022-07-01,2022-07-03,2022-07-06,2022-07-08,2022-07-11,2022-07-13,2022-07-16,2022-07-21,2022-07-23,2022-07-26,2022-07-31,2022-08-02,2022-08-05,2022-08-07,2022-08-10,2022-08-12,2022-08-15,2022-08-17,2022-08-20,2022-08-22,2022-08-25,2022-08-27,2022-08-30,2022-09-01,2022-09-04,2022-09-06,2022-09-11,2022-09-16,2022-09-19,2022-09-24,2022-09-26,2022-09-29
0,5509970,16.2916666667,-15.875,152969,16.25,-15.75,"MULTIPOLYGON (((-15.916666666666686 16.25, -15.916666666666686 16.33333333333337, -15.833333333333314 16.33333333333337, -15.833333333333314 16.25, -15.916666666666686 16.25)))",1114.78,1.7200000000000002,2022-08-20,0.0,0.0,0.0,0.0,0.0,0.0,0.0,0.0,0.0,0.0,0.0,0.0,0.0002870521537881914,0.0002870521537881914,0.0002870521537881914,0.0002870521537881914,0.0002960225335940724,0.0002960225335940724,0.0010943863363174797,0.0010943863363174797,0.0010943863363174797,0.0010943863363174797,0.0010943863363174797,0.0010943863363174797,0.0010943863363174797,0.0010943863363174797,0.0010943863363174797,0.0010943863363174797,0.0013365865910762661,0.0015429053266115286,0.0015429053266115286,0.0015429053266115286
1,5509969,16.2916666667,-15.9583333333,152969,16.25,-15.75,"MULTIPOLYGON (((-16 16.25, -16 16.33333333333337, -15.916666666666686 16.33333333333337, -15.916666666666686 16.25, -16 16.25)))",6401.76,64.19,2022-08-20,0.00030147959311189424,0.00030147959311189424,0.00030147959311189424,0.00030147959311189424,0.0003030416635425258,0.0003030416635425258,0.0003030416635425258,0.0003030416635425258,0.0003030416635425258,0.00034834170603084154,0.00034834170603084154,0.00034834170603084154,0.000438941791007473,0.000438941791007473,0.0031991202419334687,0.0031991202419334687,0.004105121091699783,0.004105121091699783,0.008447676888855565,0.008447676888855565,0.008455487241008723,0.008455487241008723,0.008480480367898828,0.008480480367898828,0.008480480367898828,0.008480480367898828,0.008480480367898828,0.008480480367898828,0.00873041163679988,0.010026930094224088,0.010026930094224088,0.010026930094224088
2,5505644,16.2083333333,-16.375,152968,16.25,-16.25,"MULTIPOLYGON (((-16.416666666666686 16.166666666666686, -16.416666666666686 16.25, -16.333333333333314 16.25, -16.333333333333314 16.166666666666686, -16.416666666666686 16.166666666666686)))",6766.410000000001,151.82,2022-08-20,0.0028257229461413065,0.0028257229461413065,0.0028286787232816215,0.0028286787232816215,0.004370116501955985,0.004370116501955985,0.0055007012581265394,0.006069688357637211,0.006069688357637211,0.008626435584009837,0.008629391361150152,0.008629391361150152,0.008873242975226153,0.008873242975226153,0.010992535184832133,0.010992535184832133,0.011984198415407874,0.011984198415407874,0.015720300720766255,0.015720300720766255,0.015801584592124922,0.015801584592124922,0.017724317621899945,0.017724317621899945,0.017724317621899945,0.017724317621899945,0.017724317621899945,0.017724317621899945,0.019722422968753,0.02243139271785186,0.02243139271785186,0.02243730427213249
3,5505643,16.2083333333,-16.4583333333,152968,16.25,-16.25,"MULTIPOLYGON (((-16.5 16.166666666666686, -16.5 16.25, -16.416666666666686 16.25, -16.416666666666686 16.166666666666686, -16.5 16.166666666666686)))",1883.63,34.93,2022-07-11,0.0026225957327075913,0.0026225957327075913,0.0026225957327075913,0.0026225957327075913,0.007474928728041071,0.007474928728041071,0.01078237233426947,0.01086200580793468,0.01086200580793468,0.012215774860243254,0.012215774860243254,0.012215774860243254,0.012337879519863242,0.012337879519863242,0.014615396866688255,0.014615396866688255,0.017445039630925394,0.017445039630925394,0.017800735813296668,0.017800735813296668,0.017800735813296668,0.017800735813296668,0.017890987083450573,0.017890987083450573,0.017890987083450573,0.017890987083450573,0.017890987083450573,0.017890987083450573,0.018310390044754016,0.0185439815675053,0.0185439815675053,0.0185439815675053
4,5527255,16.625,-15.4583333333,153690,16.75,-15.25,"MULTIPOLYGON (((-15.5 16.583333333333314, -15.5 16.6666666666668, -15.416666666666686 16.6666666666668, -15.416666666666686 16.583333333333314, -15.5 16.583333333333314)))",223.70000000000002,34.61,2022-08-05,0.0004470272686633885,0.0010728654447921323,0.0010728654447921323,0.001117568171658471,0.001117568171658471,0.0012516763522574877,0.0019222172552525703,0.0021010281627179255,0.0021010281627179255,0.0021010281627179255,0.0021010281627179255,0.005543138131426017,0.04725078229772016,0.058694680375502906,0.058694680375502906,0.07036209208761735,0.07036209208761735,0.07036209208761735,0.10500670540902995,0.10500670540902995,0.11327670987930263,0.1148413053196245,0.1148413053196245,0.1148413053196245,0.1148413053196245,0.1170317389360751,0.12829682610639248,0.12905677246312025,0.12905677246312025,0.14318283415288333,0.15471613768439874,0.15471613768439874
5,5505648,16.2083333333,-16.0416666667,152968,16.25,-16.25,"MULTIPOLYGON (((-16.08333333333337 16.166666666666686, -16.08333333333337 16.25, -16 16.25, -16 16.166666666666686, -16.08333333333337 16.166666666666686)))",6196.900000000001,134.0,2022-08-10,0.0,0.0,0.0,0.0,0.0,0.0,0.0,0.0,0.0,0.00019687262986331874,0.00019687262986331874,0.00019687262986331874,0.000296922654875825,0.000296922654875825,0.01145895528409366,0.01145895528409366,0.013624554212590166,0.013624554212590166,0.01849311752650519,0.01849311752650519,0.01849311752650519,0.01849311752650519,0.019049847504397362,0.019049847504397362,0.019049847504397362,0.019049847504397362,0.019049847504397362,0.019049847504397362,0.020933047168745667,0.02162371508334813,0.02162371508334813,0.02162371508334813
6,5505647,16.2083333333,-16.125,152968,16.25,-16.25,"MULTIPOLYGON (((-16.16666666666663 16.166666666666686, -16.16666666666663 16.25, -16.08333333333337 16.25, -16.08333333333337 16.166666666666686, -16.16666666666663 16.166666666666686)))",8602.560000000001,97.92000000000002,2022-08-10,0.0,0.0,0.0,0.0,0.0,0.0,0.0,0.0,0.0,0.0009927277461592827,0.0009927277461592827,0.0009927277461592827,0.0011380333296135102,0.0011380333296135102,0.005852908901536286,0.005852908901536286,0.006629421939515679,0.006629421939515679,0.010845608749023546,0.010845608749023546,0.010845608749023546,0.010845608749023546,0.011188529925975523,0.011188529925975523,0.011188529925975523,0.011188529925975523,0.011188529925975523,0.011188529925975523,0.011252464382695383,0.01138265818547037,0.01138265818547037,0.01138265818547037
7,5505646,16.2083333333,-16.2083333333,152968,16.25,-16.25,"MULTIPOLYGON (((-16.25 16.166666666666686, -16.25 16.25, -16.16666666666663 16.25, -16.16666666666663 16.166666666666686, -16.25 16.166666666666686)))",8592.73,112.83,2022-08-20,1.978416638251173e-05,1.978416638251173e-05,1.978416638251173e-05,1.978416638251173e-05,0.00011404990032271467,0.00011404990032271467,0.0002897798487791424,0.0004340878859221691,0.0004340878859221691,0.004101141313645373,0.004101141313645373,0.004101141313645373,0.004296655428484312,0.004296655428484312,0.004588762826249633,0.004588762826249633,0.004886689096480398,0.004886689096480398,0.009975874954758268,0.009975874954758268,0.010003805542592403,0.010003805542592403,0.01019117323597972,0.01019117323597972,0.01019117323597972,0.01019117323597972,0.01019117323597972,0.01019117323597972,0.011928688554161486,0.013130867605522345,0.013130867605522345,0.013130867605522345
8,5505645,16.2083333333,-16.2916666667,152968,16.25,-16.25,"MULTIPOLYGON (((-16.333333333333314 16.166666666666686, -16.333333333333314 16.25, -16.25 16.25, -16.25 16.166666666666686, -16.333333333333314 16.166666666666686)))",8602.2,122.80000000000003,2022-08-20,0.0006091464974076399,0.0006091464974076399,0.0006091464974076399,0.0006091464974076399,0.0008893073864825277,0.0008893073864825277,0.0009869568249982563,0.0011218060496152149,0.0011218060496152149,0.0028050963706958685,0.0028050963706958685,0.0028050963706958685,0.002980632861361047,0.002980632861361047,0.0031259445258189763,0.0031259445258189763,0.005071958336239566,0.005071958336239566,0.009873055729929553,0.009873055729929553,0.009910255516030782,0.009910255516030782,0.01166213294273558,0.01166213294273558,0.01166213294273558,0.01166213294273558,0.01166213294273558,0.01166213294273558,0.01235962893213364,0.014256818023296366,0.014256818023296366,0.014275417916346981
9,5522926,16.5416666667,-16.2083333333,153688,16.75,-16.25,"MULTIPOLYGON (((-16.25 16.5, -16.25 16.583333333333314, -16.16666666666663 16.583333333333314, -16.16666666666663 16.5, -16.25 16.5)))",1952.7800000000002,273.33000000000004,2022-08-30,0.00034310060529091856,0.00034310060529091856,0.0005837831194502196,0.0005837831194502196,0.0045115169143477496,0.0045115169143477496,0.005489609684654697,0.005919765667407491,0.005919765667407491,0.006165569086123372,0.006165569086123372,0.006165569086123372,0.01118405555157263,0.01118405555157263,0.014973524923442477,0.014973524923442477,0.019843505156750887,0.019843505156750887,0.06157887729288501,0.06157887729288501,0.061834922520714056,0.061834922520714056,0.1197625948647569,0.1197625948647569,0.1197625948647569,0.1197625948647569,0.1197625948647569,0.1197625948647569,0.13397310500926884,0.13996968424502504,0.13996968424502504,0.13996968424502504
10,5522925,16.5416666667,-16.2916666667,153688,16.75,-16.25,"MULTIPOLYGON (((-16.333333333333314 16.5, -16.333333333333314 16.583333333333314, -16.25 16.583333333333314, -16.25 16.5, -16.333333333333314 16.5)))",865.6700000000001,44.0,2022-09-19,0.0007970704772026292,0.0007970704772026292,0.0008779326995275336,0.0008779326995275336,0.005360010165536521,0.005360010165536521,0.006295701595296129,0.0064112190557602785,0.0064112190557602785,0.009195189852946272,0.009195189852946272,0.009195189852946272,0.010616054616655306,0.010616054616655306,0.013850543509651482,0.013850543509651482,0.014428130811972228,0.014428130811972228,0.01876003557937782,0.01876003557937782,0.01876003557937782,0.01876003557937782,0.023068836854690584,0.023068836854690584,0.023068836854690584,0.023068836854690584,0.023068836854690584,0.023068836854690584,0.03946076449455335,0.05082768260422563,0.05082768260422563,0.05082768260422563
11,5522930,16.5416666667,-15.875,153689,16.75,-15.75,"MULTIPOLYGON (((-15.916666666666686 16.5, -15.916666666666686 16.583333333333314, -15.833333333333314 16.583333333333314, -15.833333333333314 16.5, -15.916666666666686 16.5)))",948.7,35.650000000000006,2022-09-04,0.0012754295351533676,0.0012754295351533676,0.00168651839359123,0.00168651839359123,0.0050384737008538,0.0050384737008538,0.007631495731000316,0.008116369769157795,0.008116369769157795,0.00924422894487193,0.00924422894487193,0.00924422894487193,0.011858332454938338,0.011858332454938338,0.011932117634657954,0.011932117634657954,0.013281332349530937,0.013281332349530937,0.016401391377674712,0.016401391377674712,0.016548961737113944,0.016548961737113944,0.01850953936966375,0.01850953936966375,0.034889849267418574,0.034889849267418574,0.034889849267418574,0.034889849267418574,0.034932012227258356,0.0375777379572046,0.0375777379572046,0.0375777379572046
12,5522927,16.5416666667,-16.125,153688,16.75,-16.25,"MULTIPOLYGON (((-16.16666666666663 16.5, -16.16666666666663 16.583333333333314, -16.08333333333337 16.583333333333314, -16.08333333333337 16.5, -16.16666666666663 16.5)))",4323.02,367.01000000000005,2022-08-20,0.0003793644257949304,0.0003793644257949304,0.0003793644257949304,0.0003793644257949304,0.002072625155562546,0.002072625155562546,0.003687237162909262,0.003849161003187586,0.003849161003187586,0.004674972588607038,0.005156117714005486,0.005156117714005486,0.012167419998056914,0.012167419998056914,0.02296774014462112,0.02296774014462112,0.028579557809124176,0.028579557809124176,0.06152874610804483,0.06152874610804483,0.06624304305786233,0.06624304305786233,0.0688037529319781,0.0688037529319781,0.0688037529319781,0.0688037529319781,0.0688037529319781,0.0688037529319781,0.07501468880551096,0.08489666945792525,0.08489666945792525,0.08489666945792525
13,5522934,16.5416666667,-15.5416666667,153689,16.75,-15.75,"MULTIPOLYGON (((-15.583333333333371 16.5, -15.583333333333371 16.583333333333314, -15.5 16.583333333333314, -15.5 16.5, -15.583333333333371 16.5)))",2145.3,80.25999999999999,2022-08-20,0.0013890831119190788,0.0014776488136857314,0.0014823101664102922,0.0015196009882067775,0.002661632405724141,0.002661632405724141,0.0028667319256048106,0.0030764927982100407,0.0030764927982100407,0.003099799561832844,0.0035006758961450613,0.003547289423390668,0.007276371603039202,0.010627884211998322,0.012576329650864682,0.013979396820957442,0.014109914697245141,0.014109914697245141,0.026854053046194003,0.027632498951195635,0.031888313988719524,0.032750664242763246,0.032750664242763246,0.032750664242763246,0.032750664242763246,0.03448468745629982,0.03550086235025404,0.03571994592830839,0.03571994592830839,0.0372115788001678,0.03741201696732391,0.03741201696732391
14,5522933,16.5416666667,-15.625,153689,16.75,-15.75,"MULTIPOLYGON (((-15.666666666666629 16.5, -15.666666666666629 16.583333333333314, -15.583333333333371 16.583333333333314, -15.583333333333371 16.5, -15.666666666666629 16.5)))",1342.94,22.37,2022-08-20,0.0008265447451114719,0.0008265447451114719,0.0008265447451114719,0.0008265447451114719,0.002338153603288308,0.002338153603288308,0.002576436773050174,0.0033285180276110627,0.0033285180276110627,0.003335964376666121,0.003343410725721179,0.003343410725721179,0.003484891357767287,0.003484891357767287,0.003671050084143745,0.003671050084143745,0.004378453244374284,0.004378453244374284,0.013924672732959031,0.013924672732959031,0.015875616185384307,0.015875616185384307,0.015875616185384307,0.015875616185384307,0.015875616185384307,0.015875616185384307,0.015875616185384307,0.015875616185384307,0.015883062534439364,0.016657482836165426,0.016657482836165426,0.016657482836165426
15,5518605,16.4583333333,-16.2916666667,152968,16.25,-16.25,"MULTIPOLYGON (((-16.333333333333314 16.41666666666663, -16.333333333333314 16.5, -16.25 16.5, -16.25 16.41666666666663, -16.333333333333314 16.41666666666663)))",5119.12,281.57000000000005,2022-09-19,0.0014260263482786105,0.0014260263482786105,0.0014260263482786105,0.0014260263482786105,0.002748519276750692,0.002748519276750692,0.0030806076044320122,0.004176499085780369,0.004176499085780369,0.012039178608823392,0.016309443810654956,0.016309443810654956,0.025451640125646595,0.025451640125646595,0.028006766788041693,0.028006766788041693,0.02984301989404429,0.02984301989404429,0.035531497601150194,0.035531497601150194,0.03561158949194392,0.03561158949194392,0.040487427526606126,0.040487427526606126,0.040487427526606126,0.040487427526606126,0.040487427526606126,0.040487427526606126,0.0520362874869118,0.055003594367781954,0.055003594367781954,0.055003594367781954
16,5522931,16.5416666667,-15.7916666667,153689,16.75,-15.75,"MULTIPOLYGON (((-15.833333333333314 16.5, -15.833333333333314 16.583333333333314, -15.75 16.583333333333314, -15.75 16.5, -15.833333333333314 16.5)))",236.44,1.1500000000000001,2022-07-26,0.0001691761123329386,0.0001691761123329386,0.0004652343089155812,0.0004652343089155812,0.0005075283369988158,0.0005075283369988158,0.0012688208424970395,0.0012688208424970395,0.0012688208424970395,0.003510404330908476,0.003510404330908476,0.003510404330908476,0.004017932667907292,0.004017932667907292,0.004017932667907292,0.004017932667907292,0.004060226695990527,0.004060226695990527,0.004060226695990527,0.004060226695990527,0.004060226695990527,0.004060226695990527,0.004144814752156996,0.004144814752156996,0.00418710878024023,0.00418710878024023,0.00418710878024023,0.00418710878024023,0.00418710878024023,0.0048638132295719845,0.0048638132295719845,0.0048638132295719845
17,5501324,16.125,-16.375,152968,16.25,-16.25,"MULTIPOLYGON (((-16.416666666666686 16.083333333333428, -16.416666666666686 16.166666666666686, -16.333333333333314 16.166666666666686, -16.333333333333314 16.083333333333428, -16.416666666666686 16.083333333333428)))",8602.560000000001,243.91000000000003,2022-07-26,0.0001464680281218614,0.0001464680281218614,0.00016739203213927015,0.00016739203213927015,0.0015100156232563328,0.0015100156232563328,0.002214457091842428,0.002811953651006212,0.002811953651006212,0.00984009411152029,0.00989472901089908,0.00989472901089908,0.010897918759067067,0.010897918759067067,0.013513419261243163,0.013513419261243163,0.016820574340661382,0.016820574340661382,0.018127162147081797,0.018127162147081797,0.01832594018524718,0.01832594018524718,0.02252120299073764,0.02252120299073764,0.02252120299073764,0.02252120299073764,0.02252120299073764,0.02252120299073764,0.025972501208942452,0.028353187888256515,0.028353187888256515,0.028353187888256515
18,5518609,16.4583333333,-15.9583333333,152969,16.25,-15.75,"MULTIPOLYGON (((-16 16.41666666666663, -16 16.5, -15.916666666666686 16.5, -15.916666666666686 16.41666666666663, -16 16.41666666666663)))",7911.29,1332.1,2022-09-04,0.003186585247159439,0.003186585247159439,0.003326891063277923,0.003326891063277923,0.007834373408129395,0.007834373408129395,0.009107237884087172,0.009443466236226963,0.009443466236226963,0.012968807868249048,0.012968807868249048,0.012968807868249048,0.02282307942194004,0.02282307942194004,0.037662631505102205,0.037662631505102205,0.050850114203878256,0.050850114203878256,0.07590544652009976,0.07590544652009976,0.08131417253064924,0.08131417253064924,0.10568314396261545,0.10568314396261545,0.13865121870137487,0.13865121870137487,0.13865121870137487,0.13865121870137487,0.15220400212860355,0.1683796195057949,0.1683796195057949,0.1683796195057949
19,5501323,16.125,-16.4583333333,152968,16.25,-16.25,"MULTIPOLYGON (((-16.5 16.083333333333428, -16.5 16.166666666666686, -16.416666666666686 16.166666666666686, -16.416666666666686 16.083333333333428, -16.5 16.083333333333428)))",3556.02,121.11,2022-08-15,0.0008183306055646482,0.0008183306055646482,0.0008352034015556718,0.0008352034015556718,0.004389739090331326,0.004389739090331326,0.0059054785968582855,0.006169819067384323,0.006169819067384323,0.007660249379924747,0.007733364829219183,0.007733364829219183,0.00785991079915186,0.00785991079915186,0.009772161011467877,0.009772161011467877,0.024038110021878393,0.024038110021878393,0.02526138773122761,0.02526138773122761,0.02736486296477523,0.02736486296477523,0.028633134796767174,0.028633134796767174,0.028633134796767174,0.028633134796767174,0.028633134796767174,0.028633134796767174,0.03072817363231928,0.034057738707881285,0.034057738707881285,0.034057738707881285
20,5522936,16.5416666667,-15.375,153690,16.75,-15.25,"MULTIPOLYGON (((-15.416666666666686 16.5, -15.416666666666686 16.583333333333314, -15.333333333333258 16.583333333333314, -15.333333333333258 16.5, -15.416666666666686 16.5)))",2194.4900000000002,167.8,2022-08-02,0.0007655537277453986,0.0009204872202653008,0.0009204872202653008,0.0009478284248276365,0.0010799775802122589,0.0010845344476393148,0.0011893423984616015,0.001563005527480189,0.004037384540371567,0.004379149597400762,0.005618617537559979,0.028320931059152694,0.040788520339577757,0.04850785376101053,0.05195284553586482,0.05364800021872963,0.05364800021872963,0.05536138237130267,0.07174787763899584,0.07340202051501715,0.07348404412870416,0.07382580918573335,0.07382580918573335,0.07382580918573335,0.07382580918573335,0.07407643689422143,0.07459591978090581,0.07459591978090581,0.07459591978090581,0.07621816458493773,0.07646423542599876,0.07646423542599876
21,5518608,16.4583333333,-16.0416666667,152968,16.25,-16.25,"MULTIPOLYGON (((-16.08333333333337 16.41666666666663, -16.08333333333337 16.5, -16 16.5, -16 16.41666666666663, -16.08333333333337 16.41666666666663)))",7465.620000000001,496.08000000000004,2022-08-30,0.0005545420206225337,0.0005545420206225337,0.0005773130697785315,0.0005773130697785315,0.0020426970566409758,0.0020426970566409758,0.0029240706063260657,0.0031249916282907516,0.0031249916282907516,0.004086733586761716,0.004086733586761716,0.004086733586761716,0.007280038362520461,0.007280038362520461,0.008674430254955382,0.008674430254955382,0.010321982635065808,0.010321982635065808,0.017711857822926964,0.017711857822926964,0.021278875699540026,0.021278875699540026,0.03940864924815353,0.03940864924815353,0.03940864924815353,0.03940864924815353,0.03940864924815353,0.03940864924815353,0.057409833342709646,0.06644860038416099,0.06644860038416099,0.06644860038416099
22,5522935,16.5416666667,-15.4583333333,153690,16.75,-15.25,"MULTIPOLYGON (((-15.5 16.5, -15.5 16.583333333333314, -15.416666666666686 16.583333333333314, -15.416666666666686 16.5, -15.5 16.5)))",5720.01,185.4,2022-08-20,0.00023426532471097078,0.00035139798706645617,0.00035139798706645617,0.0005559430840155874,0.0008758725946283311,0.0008846138380876957,0.0010594387072749873,0.001295452280677831,0.0013041935241371954,0.001314683016288433,0.0013828647152714767,0.002585659815280043,0.004291950538548009,0.005318172520677411,0.005398591960503565,0.006875862105136179,0.006875862105136179,0.006877610353828052,0.017735982979050734,0.02030416030741205,0.02151569665087998,0.024230726869358617,0.024230726869358617,0.02459785909465193,0.02459785909465193,0.02580939543811986,0.028592607355581542,0.02872897075354763,0.028809390193373783,0.03132512006097891,0.032412530747323864,0.032412530747323864
23,5518607,16.4583333333,-16.125,152968,16.25,-16.25,"MULTIPOLYGON (((-16.16666666666663 16.41666666666663, -16.16666666666663 16.5, -16.08333333333337 16.5, -16.08333333333337 16.41666666666663, -16.16666666666663 16.41666666666663)))",8611.84,444.12,2022-08-30,0.001330726070154578,0.001330726070154578,0.0013318872621878718,0.0013318872621878718,0.003634531064209275,0.003634531064209275,0.004652896477407848,0.00485146031510107,0.00485146031510107,0.007346861994649227,0.007346861994649227,0.007346861994649227,0.009339467523781213,0.009339467523781213,0.012247092375148634,0.012247092375148634,0.0173946566587396,0.0173946566587396,0.027507478076694417,0.027507478076694417,0.02870118348692034,0.02870118348692034,0.039244807149227116,0.039244807149227116,0.039244807149227116,0.039244807149227116,0.039244807149227116,0.039244807149227116,0.04465247844827587,0.051570860582639724,0.051570860582639724,0.051570860582639724
24,5518606,16.4583333333,-16.2083333333,152968,16.25,-16.25,"MULTIPOLYGON (((-16.25 16.41666666666663, -16.25 16.5, -16.16666666666663 16.5, -16.16666666666663 16.41666666666663, -16.25 16.41666666666663)))",8602.560000000001,1484.5,2022-08-10,0.00013368113677788936,0.00013368113677788936,0.00013368113677788936,0.00013368113677788936,0.0012077800096715395,0.0012077800096715395,0.0016785701000632367,0.0017587787821299703,0.0017587787821299703,0.0022121322025071602,0.00356289290629766,0.00356289290629766,0.03266585760517799,0.03266585760517799,0.07917410631253952,0.07917410631253952,0.11359990514451512,0.11359990514451512,0.14433494215675335,0.14433494215675335,0.14462090354499127,0.14462090354499127,0.16343274560130938,0.16343274560130938,0.16343274560130938,0.16343274560130938,0.16343274560130938,0.16343274560130938,0.16823596696797233,0.17256491091024068,0.17256491091024068,0.17256491091024068
25,5501327,16.125,-16.125,152968,16.25,-16.25,"MULTIPOLYGON (((-16.16666666666663 16.083333333333428, -16.16666666666663 16.166666666666686, -16.08333333333337 16.166666666666686, -16.08333333333337 16.083333333333428, -16.16666666666663 16.083333333333428)))",2231.1600000000003,6.36,2022-08-20,0.0,0.0,0.0,0.0,0.0,0.0,0.0,0.0,0.0,0.00026891841015435914,0.00026891841015435914,0.00026891841015435914,0.00026891841015435914,0.00026891841015435914,0.000412341562236684,0.000412341562236684,0.0006812599723910432,0.0006812599723910432,0.002514387134943258,0.002514387134943258,0.002514387134943258,0.002514387134943258,0.002716075942559027,0.002716075942559027,0.002716075942559027,0.002716075942559027,0.002716075942559027,0.002716075942559027,0.0028415712006310614,0.0028505351476362066,0.0028505351476362066,0.0028505351476362066
26,5518613,16.4583333333,-15.625,152969,16.25,-15.75,"MULTIPOLYGON (((-15.666666666666629 16.41666666666663, -15.666666666666629 16.5, -15.583333333333371 16.5, -15.583333333333371 16.41666666666663, -15.666666666666629 16.41666666666663)))",2349.42,16.22,2022-07-16,7.661465382945578e-05,7.661465382945578e-05,7.661465382945578e-05,7.661465382945578e-05,0.0004979952498914627,0.0004979952498914627,0.0030560734138638476,0.0031454571766648793,0.0031454571766648793,0.0031454571766648793,0.0031454571766648793,0.0031454571766648793,0.004205293221305684,0.004205293221305684,0.004511751836623508,0.004511751836623508,0.00532897481080437,0.00532897481080437,0.006376041746473599,0.006376041746473599,0.006525014684475318,0.006525014684475318,0.006529271054132511,0.006529271054132511,0.006529271054132511,0.006529271054132511,0.006529271054132511,0.006529271054132511,0.006529271054132511,0.006903831583965406,0.006903831583965406,0.006903831583965406
27,5501326,16.125,-16.2083333333,152968,16.25,-16.25,"MULTIPOLYGON (((-16.25 16.083333333333428, -16.25 16.166666666666686, -16.16666666666663 16.166666666666686, -16.16666666666663 16.083333333333428, -16.25 16.083333333333428)))",6238.320000000001,11.350000000000001,2022-08-20,0.0,0.0,0.0,0.0,0.0,0.0,0.0,0.0,0.0,3.686890060144398e-05,3.686890060144398e-05,3.686890060144398e-05,3.847189627976763e-05,3.847189627976763e-05,6.57228228112697e-05,6.57228228112697e-05,0.0006331832929378422,0.0006331832929378422,0.001442696110491286,0.001442696110491286,0.001442696110491286,0.001442696110491286,0.0017953551597224894,0.0017953551597224894,0.0017953551597224894,0.0017953551597224894,0.0017953551597224894,0.0017953551597224894,0.0018001641467574603,0.001819400094897344,0.001819400094897344,0.001819400094897344
28,5518612,16.4583333333,-15.7083333333,152969,16.25,-15.75,"MULTIPOLYGON (((-15.75 16.41666666666663, -15.75 16.5, -15.666666666666629 16.5, -15.666666666666629 16.41666666666663, -15.75 16.41666666666663)))",2464.9700000000003,135.04000000000002,2022-08-20,0.002847904842655286,0.002847904842655286,0.003010178622863564,0.003010178622863564,0.0040649581942173735,0.0040649581942173735,0.0046856554035140385,0.005042657719972251,0.005042657719972251,0.005342864213357566,0.005342864213357566,0.005342864213357566,0.0059879024896854725,0.0059879024896854725,0.006267824760544753,0.006267824760544753,0.008101518476898299,0.008101518476898299,0.03734731051493527,0.03734731051493527,0.037647517008320586,0.037647517008320586,0.05211828135839381,0.05211828135839381,0.05211828135839381,0.05211828135839381,0.05211828135839381,0.05211828135839381,0.052166963492456295,0.05478362819831478,0.05478362819831478,0.05478362819831478
29,5501325,16.125,-16.2916666667,152968,16.25,-16.25,"MULTIPOLYGON (((-16.333333333333314 16.083333333333428, -16.333333333333314 16.166666666666686, -16.25 16.166666666666686, -16.25 16.083333333333428, -16.333333333333314 16.083333333333428)))",8611.84,64.19,2022-08-20,3.715814506539834e-05,3.715814506539834e-05,3.715814506539834e-05,3.715814506539834e-05,4.644768133174792e-05,4.644768133174792e-05,8.244463436385256e-05,9.870132282996433e-05,9.870132282996433e-05,0.00032048900118906065,0.00032165019322235433,0.00032165019322235433,0.00035300237812128417,0.00035300237812128417,0.0003948052913198573,0.0003948052913198573,0.000941726739001189,0.000941726739001189,0.006572346908442331,0.006572346908442331,0.006599054325208085,0.006599054325208085,0.007154104117122473,0.007154104117122473,0.007154104117122473,0.007154104117122473,0.007154104117122473,0.007154104117122473,0.0073050590814506535,0.007453691661712247,0.007453691661712247,0.007453691661712247
30,5518611,16.4583333333,-15.7916666667,152969,16.25,-15.75,"MULTIPOLYGON (((-15.833333333333314 16.41666666666663, -15.833333333333314 16.5, -15.75 16.5, -15.75 16.41666666666663, -15.833333333333314 16.41666666666663)))",2687.35,88.76,2022-08-05,0.0015442722384505184,0.0015442722384505184,0.0016149738590060844,0.0016149738590060844,0.001853126686140622,0.001853126686140622,0.0020391835823394796,0.002102442927047091,0.002102442927047091,0.005291458127895511,0.005291458127895511,0.005291458127895511,0.013719835525703761,0.013719835525703761,0.02125886095968147,0.02125886095968147,0.023949243678716953,0.023949243678716953,0.02904720263456565,0.02904720263456565,0.02908441401380542,0.02908441401380542,0.03245576497292872,0.03245576497292872,0.03245576497292872,0.03245576497292872,0.03245576497292872,0.03245576497292872,0.032478091800472585,0.033028820213221205,0.033028820213221205,0.033028820213221205
31,5518610,16.4583333333,-15.875,152969,16.25,-15.75,"MULTIPOLYGON (((-15.916666666666686 16.41666666666663, -15.916666666666686 16.5, -15.833333333333314 16.5, -15.833333333333314 16.41666666666663, -15.916666666666686 16.41666666666663)))",7730.150000000001,1561.38,2022-08-30,0.00023544174433872564,0.00023544174433872564,0.0004954625718776479,0.0004954625718776479,0.006307768930745199,0.006307768930745199,0.009246909827105555,0.01254438788380562,0.01254438788380562,0.016333447604509617,0.016333447604509617,0.016333447604509617,0.02594128186387069,0.02594128186387069,0.03760729093225876,0.03760729093225876,0.06103633176587777,0.06103633176587777,0.09098529782733841,0.09098529782733841,0.09100211509479118,0.09100211509479118,0.15811206768303332,0.15811206768303332,0.17770159699359003,0.17770159699359003,0.17770159699359003,0.17770159699359003,0.18976475230105497,0.20198573119538432,0.20198573119538432,0.20198573119538432
32,5518614,16.4583333333,-15.5416666667,152969,16.25,-15.75,"MULTIPOLYGON (((-15.583333333333371 16.41666666666663, -15.583333333333371 16.5, -15.5 16.5, -15.5 16.41666666666663, -15.583333333333371 16.41666666666663)))",784.25,5.6000000000000005,2022-08-20,0.0,0.0,0.0,0.0,2.5502072043353522e-05,0.0005610455849537776,0.0005610455849537776,0.0008415683774306664,0.0008415683774306664,0.0008415683774306664,0.0008415683774306664,0.0008415683774306664,0.0014918712145361812,0.0015173732865795347,0.0015173732865795347,0.0015173732865795347,0.0015301243226012115,0.0015301243226012115,0.00578897035384125,0.00578897035384125,0.005980235894166401,0.006375518010838381,0.006375518010838381,0.006375518010838381,0.006375518010838381,0.006923812559770481,0.006923812559770481,0.006923812559770481,0.007000318775900542,0.00712782913611731,0.007140580172138987,0.007140580172138987
33,5497004,16.0416666667,-16.375,152968,16.25,-16.25,"MULTIPOLYGON (((-16.416666666666686 16, -16.416666666666686 16.083333333333428, -16.333333333333314 16.083333333333428, -16.333333333333314 16, -16.416666666666686 16)))",8545.140000000001,155.28000000000003,2022-07-26,0.00021883784232908996,0.00021883784232908996,0.00022234860985308606,0.00022234860985308606,0.0007524745059764965,0.0007524745059764965,0.0009795041391949108,0.0011597235387600436,0.0011597235387600436,0.007735391111204731,0.007909759231563203,0.007909759231563203,0.008252644193073488,0.008252644193073488,0.010752310670158707,0.010752310670158707,0.01182543527666018,0.01182543527666018,0.014229140774756174,0.014229140774756174,0.01449127808321455,0.01449127808321455,0.017297551590728762,0.017297551590728762,0.017297551590728762,0.017297551590728762,0.017297551590728762,0.017297551590728762,0.017495324827913876,0.018171732704203792,0.018171732704203792,0.018171732704203792
34,5514288,16.375,-16.0416666667,152968,16.25,-16.25,"MULTIPOLYGON (((-16.08333333333337 16.33333333333337, -16.08333333333337 16.41666666666663, -16 16.41666666666663, -16 16.33333333333337, -16.08333333333337 16.33333333333337)))",8602.08,303.93000000000006,2022-08-20,2.3250190651563343e-05,2.3250190651563343e-05,2.3250190651563343e-05,2.3250190651563343e-05,0.000819569220467608,0.000819569220467608,0.0014438368394620836,0.0022308557930175027,0.0022308557930175027,0.0037665308855532615,0.0037793184904116213,0.0037793184904116213,0.006408915053103436,0.006408915053103436,0.01000920707549802,0.01000920707549802,0.012845730334988748,0.012845730334988748,0.021482013652511952,0.021482013652511952,0.021865641798262746,0.021865641798262746,0.026242490188419544,0.026242490188419544,0.026242490188419544,0.026242490188419544,0.026242490188419544,0.026242490188419544,0.029578892546918884,0.03533215222364823,0.03533215222364823,0.03533215222364823
35,5497003,16.0416666667,-16.4583333333,152968,16.25,-16.25,"MULTIPOLYGON (((-16.5 16, -16.5 16.083333333333428, -16.416666666666686 16.083333333333428, -16.416666666666686 16, -16.5 16)))",7575.04,225.8,2022-08-15,0.0004726047651233525,0.0004726047651233525,0.0005003273910104766,0.0005003273910104766,0.0017056015545792499,0.0017056015545792499,0.005588089303818858,0.006044852568435283,0.006044852568435283,0.007144516728624536,0.007351776360256844,0.007351776360256844,0.007804579249746537,0.007804579249746537,0.014630945843190267,0.014630945843190267,0.0232064781176073,0.0232064781176073,0.024299541652585334,0.024299541652585334,0.025123299678945592,0.025123299678945592,0.025644749070631974,0.025644749070631974,0.025644749070631974,0.025644749070631974,0.025644749070631974,0.025644749070631974,0.027129889743156475,0.029776740452855697,0.029776740452855697,0.029808423453869554
36,5514287,16.375,-16.125,152968,16.25,-16.25,"MULTIPOLYGON (((-16.16666666666663 16.33333333333337, -16.16666666666663 16.41666666666663, -16.08333333333337 16.41666666666663, -16.08333333333337 16.33333333333337, -16.16666666666663 16.33333333333337)))",8602.52,497.02,2022-08-30,0.002678284967660639,0.002678284967660639,0.0026817723178789474,0.0026817723178789474,0.003028182439564221,0.003028182439564221,0.003342043959211952,0.0036733422299512234,0.0036733422299512234,0.005196151825279104,0.005858748366757647,0.005858748366757647,0.008149937460186085,0.008149937460186085,0.014771253074680442,0.014771253074680442,0.017976127925305608,0.017976127925305608,0.03173023718631285,0.03173023718631285,0.03362038100463585,0.03362038100463585,0.05103388309472108,0.05103388309472108,0.05103388309472108,0.05103388309472108,0.05103388309472108,0.05103388309472108,0.05445846100909966,0.057634274607905586,0.057634274607905586,0.05777609351678345
37,5514286,16.375,-16.2083333333,152968,16.25,-16.25,"MULTIPOLYGON (((-16.25 16.33333333333337, -16.25 16.41666666666663, -16.16666666666663 16.41666666666663, -16.16666666666663 16.33333333333337, -16.25 16.33333333333337)))",8593.29,686.94,2022-08-20,0.00010007808417963317,0.00010007808417963317,0.00010007808417963317,0.00010007808417963317,0.00018851918182675087,0.00018851918182675087,0.00028510617004662937,0.0003095438417649119,0.0003095438417649119,0.002038800040496713,0.002655560326720034,0.002655560326720034,0.015095498929979087,0.015095498929979087,0.025253424474211854,0.025253424474211854,0.03645053291579825,0.03645053291579825,0.05563526891330328,0.05563526891330328,0.055669016174247576,0.055669016174247576,0.07328741378447602,0.07328741378447602,0.07328741378447602,0.07328741378447602,0.07328741378447602,0.07328741378447602,0.07719627756074797,0.07960513377297868,0.07960513377297868,0.07993911528646187
38,5514285,16.375,-16.2916666667,152968,16.25,-16.25,"MULTIPOLYGON (((-16.333333333333314 16.33333333333337, -16.333333333333314 16.41666666666663, -16.25 16.41666666666663, -16.25 16.33333333333337, -16.333333333333314 16.33333333333337)))",8171.52,336.4200000000001,2022-08-05,0.0008395010964912281,0.0008395010964912281,0.0008603050595238095,0.0008603050595238095,0.0023398339598997495,0.0023398339598997495,0.0034424440006265667,0.0038144678101503762,0.0038144678101503762,0.010937989505012532,0.014845463267543862,0.014845463267543862,0.023900082236842108,0.023900082236842108,0.025679432957393486,0.025679432957393486,0.028412094689849628,0.028412094689849628,0.03527740249060151,0.03527740249060151,0.03527740249060151,0.03527740249060151,0.03743367207080201,0.03743367207080201,0.03743367207080201,0.03743367207080201,0.03743367207080201,0.03743367207080201,0.03938679707080201,0.04116981907894737,0.04116981907894737,0.04116981907894737
39,5514292,16.375,-15.7083333333,152969,16.25,-15.75,"MULTIPOLYGON (((-15.75 16.33333333333337, -15.75 16.41666666666663, -15.666666666666629 16.41666666666663, -15.666666666666629 16.33333333333337, -15.75 16.33333333333337)))",1758.0,18.11,2022-07-01,0.0035153583617747444,0.0035153583617747444,0.0036689419795221845,0.0036689419795221845,0.0052957906712172926,0.0052957906712172926,0.005483503981797497,0.005864618885096701,0.005864618885096701,0.005875995449374289,0.005875995449374289,0.005875995449374289,0.0059044368600682596,0.0059044368600682596,0.0059670079635949945,0.0059670079635949945,0.0061604095563139935,0.0061604095563139935,0.009015927189988624,0.009015927189988624,0.009015927189988624,0.009015927189988624,0.009180887372013653,0.009180887372013653,0.009180887372013653,0.009180887372013653,0.009180887372013653,0.009180887372013653,0.009220705346985212,0.010301478953356088,0.010301478953356088,0.010301478953356088
40,5497006,16.0416666667,-16.2083333333,152968,16.25,-16.25,"MULTIPOLYGON (((-16.25 16, -16.25 16.083333333333428, -16.16666666666663 16.083333333333428, -16.16666666666663 16, -16.25 16)))",150.92000000000002,0.02,2022-07-26,0.0,0.0,0.0,0.0,0.0,0.0,0.0,0.0,0.0,0.00013252054068380598,0.00013252054068380598,0.00013252054068380598,0.00013252054068380598,0.00013252054068380598,0.00013252054068380598,0.00013252054068380598,0.00013252054068380598,0.00013252054068380598,0.00013252054068380598,0.00013252054068380598,0.00013252054068380598,0.00013252054068380598,0.00013252054068380598,0.00013252054068380598,0.00013252054068380598,0.00013252054068380598,0.00013252054068380598,0.00013252054068380598,0.00013252054068380598,0.00013252054068380598,0.00013252054068380598,0.00013252054068380598
41,5514291,16.375,-15.7916666667,152969,16.25,-15.75,"MULTIPOLYGON (((-15.833333333333314 16.33333333333337, -15.833333333333314 16.41666666666663, -15.75 16.41666666666663, -15.75 16.33333333333337, -15.833333333333314 16.33333333333337)))",3360.76,273.18,2022-08-20,0.002523238791225794,0.002523238791225794,0.0026333329365976744,0.0026333329365976744,0.007414989466668253,0.007414989466668253,0.009491900641521559,0.011283162141896475,0.011283162141896475,0.01848093883526345,0.01848093883526345,0.01848093883526345,0.026598150418357752,0.026598150418357752,0.04103536104928647,0.04103536104928647,0.046903081445863436,0.046903081445863436,0.06188481176876659,0.06188481176876659,0.06188481176876659,0.06188481176876659,0.07299241838155655,0.07299241838155655,0.07299241838155655,0.07299241838155655,0.07299241838155655,0.07299241838155655,0.07645294516716457,0.08128518549375736,0.08128518549375736,0.08128518549375736
42,5497005,16.0416666667,-16.2916666667,152968,16.25,-16.25,"MULTIPOLYGON (((-16.333333333333314 16, -16.333333333333314 16.083333333333428, -16.25 16.083333333333428, -16.25 16, -16.333333333333314 16)))",5624.900000000001,49.22,2022-08-20,0.0,0.0,0.0,0.0,1.0666856299667549e-05,1.0666856299667549e-05,4.088961581539227e-05,0.00027022702625824455,0.00027022702625824455,0.001793809667727426,0.001793809667727426,0.001793809667727426,0.0018346992835428183,0.0018346992835428183,0.002224039538480684,0.002224039538480684,0.0028604952976941807,0.0028604952976941807,0.008576152464932709,0.008576152464932709,0.008654376077796937,0.008654376077796937,0.008702376931145442,0.008702376931145442,0.008702376931145442,0.008702376931145442,0.008702376931145442,0.008702376931145442,0.008705932549911997,0.008750377784493946,0.008750377784493946,0.008750377784493946
43,5514290,16.375,-15.875,152969,16.25,-15.75,"MULTIPOLYGON (((-15.916666666666686 16.33333333333337, -15.916666666666686 16.41666666666663, -15.833333333333314 16.41666666666663, -15.833333333333314 16.33333333333337, -15.916666666666686 16.33333333333337)))",7818.43,131.89,2022-08-20,3.70918458053599e-05,3.70918458053599e-05,3.70918458053599e-05,3.70918458053599e-05,0.0002583638914718172,0.0002583638914718172,0.0003031299122713895,0.0007264885661187731,0.0007264885661187731,0.001211240619919856,0.001211240619919856,0.001211240619919856,0.0023802732773715437,0.0023802732773715437,0.004653108104824114,0.004653108104824114,0.0050406539420318405,0.0050406539420318405,0.009880500305048456,0.009880500305048456,0.00988305836337986,0.00988305836337986,0.011807997257761467,0.011807997257761467,0.011807997257761467,0.011807997257761467,0.011807997257761467,0.011807997257761467,0.013452828764854324,0.016869115666444542,0.016869115666444542,0.016869115666444542
44,5514289,16.375,-15.9583333333,152969,16.25,-15.75,"MULTIPOLYGON (((-16 16.33333333333337, -16 16.41666666666663, -15.916666666666686 16.41666666666663, -15.916666666666686 16.33333333333337, -16 16.33333333333337)))",8593.29,501.46,2022-09-24,5.1202740743068136e-05,5.1202740743068136e-05,5.1202740743068136e-05,5.1202740743068136e-05,0.0037901665136402937,0.0037901665136402937,0.004652467215699691,0.006442235744400573,0.006442235744400573,0.007942243308441819,0.007942243308441819,0.007942243308441819,0.009834417318628837,0.009834417318628837,0.011043500219357195,0.011043500219357195,0.01561567222798253,0.01561567222798253,0.022786383329318573,0.022786383329318573,0.022809657302383605,0.022809657302383605,0.02884692591545264,0.02884692591545264,0.02884692591545264,0.02884692591545264,0.02884692591545264,0.02884692591545264,0.03900485145968541,0.05835483266595216,0.05835483266595216,0.05835483266595216
45,5509964,16.2916666667,-16.375,152968,16.25,-16.25,"MULTIPOLYGON (((-16.416666666666686 16.25, -16.416666666666686 16.33333333333337, -16.333333333333314 16.33333333333337, -16.333333333333314 16.25, -16.416666666666686 16.25)))",2938.4700000000003,15.290000000000001,2022-07-11,0.0001531409202748369,0.0001531409202748369,0.0001531409202748369,0.0001531409202748369,0.0015586342552416732,0.0015586342552416732,0.0022052292519576513,0.002984546379578488,0.002984546379578488,0.003083237194866716,0.0031138653789216835,0.0031138653789216835,0.00331124700949814,0.00331124700949814,0.003637947639417792,0.003637947639417792,0.0040531296899406835,0.0040531296899406835,0.004631662055423401,0.004631662055423401,0.004631662055423401,0.004631662055423401,0.004709934081341651,0.004709934081341651,0.004709934081341651,0.004709934081341651,0.004709934081341651,0.004709934081341651,0.004978781474713032,0.005169356842166162,0.005169356842166162,0.005203388157782793
46,5492684,15.9583333333,-16.375,152248,15.75,-16.25,"MULTIPOLYGON (((-16.416666666666686 15.916666666666742, -16.416666666666686 16, -16.333333333333314 16, -16.333333333333314 15.916666666666742, -16.416666666666686 15.916666666666742)))",1657.0700000000002,27.51,2022-07-26,3.6208488476648544e-05,3.6208488476648544e-05,3.6208488476648544e-05,3.6208488476648544e-05,0.00044657135787866533,0.00044657135787866533,0.0005793358156263766,0.0006034748079441423,0.0006034748079441423,0.00877452370750783,0.01013234202538215,0.01013234202538215,0.010240967490812096,0.010240967490812096,0.010790129566041265,0.010790129566041265,0.011803967243387423,0.011803967243387423,0.01251606751676151,0.01251606751676151,0.012691075211065312,0.012691075211065312,0.013674739148014264,0.013674739148014264,0.013674739148014264,0.013674739148014264,0.013674739148014264,0.013674739148014264,0.015382572854496186,0.015593789037276637,0.015593789037276637,0.016601591966543355
47,5509968,16.2916666667,-16.0416666667,152968,16.25,-16.25,"MULTIPOLYGON (((-16.08333333333337 16.25, -16.08333333333337 16.33333333333337, -16 16.33333333333337, -16 16.25, -16.08333333333337 16.25)))",8611.84,126.53,2022-07-26,0.00020436979785969084,0.00020436979785969084,0.00020436979785969084,0.00020436979785969084,0.0005515662158145065,0.0005515662158145065,0.000618915353745541,0.0006897480677764567,0.0006897480677764567,0.004929260181331749,0.004936227333531511,0.004936227333531511,0.0054622473246135565,0.0054622473246135565,0.00940681666171225,0.00940681666171225,0.010761927764565995,0.010761927764565995,0.013537176724137933,0.013537176724137933,0.013537176724137933,0.013537176724137933,0.013604525862068968,0.013604525862068968,0.013604525862068968,0.013604525862068968,0.013604525862068968,0.013604525862068968,0.014165381614149824,0.014673983724732463,0.014673983724732463,0.014692562797265163
48,5492683,15.9583333333,-16.4583333333,152248,15.75,-16.25,"MULTIPOLYGON (((-16.5 15.916666666666742, -16.5 16, -16.416666666666686 16, -16.416666666666686 15.916666666666742, -16.5 15.916666666666742)))",7810.54,148.39,2022-08-10,0.0005851067915918746,0.0005851067915918746,0.0006094328945245784,0.0006094328945245784,0.0010332192140364174,0.0010332192140364174,0.0024262086872354535,0.0036962873245639863,0.0036962873245639863,0.005684626159010772,0.005993183569894015,0.005993183569894015,0.006676875094423689,0.006676875094423689,0.011275788869911683,0.011275788869911683,0.01403104010734213,0.01403104010734213,0.015529015919513887,0.015529015919513887,0.01579404240935966,0.01579404240935966,0.017294578863945385,0.017294578863945385,0.017294578863945385,0.017294578863945385,0.017294578863945385,0.017294578863945385,0.017654349123108003,0.018496800477303742,0.018496800477303742,0.01899868639044163
49,5509967,16.2916666667,-16.125,152968,16.25,-16.25,"MULTIPOLYGON (((-16.16666666666663 16.25, -16.16666666666663 16.33333333333337, -16.08333333333337 16.33333333333337, -16.08333333333337 16.25, -16.16666666666663 16.25)))",8611.84,295.07000000000005,2022-08-20,3.367456896551725e-05,3.367456896551725e-05,3.367456896551725e-05,3.367456896551725e-05,0.0004702827734839477,0.0004702827734839477,0.0004911842300832342,0.0006723301872770511,0.0006723301872770511,0.002959878492865636,0.002959878492865636,0.002959878492865636,0.003632208680142687,0.003632208680142687,0.005234653686087991,0.005234653686087991,0.007681285300237812,0.007681285300237812,0.02477170964625446,0.02477170964625446,0.02484834832045184,0.02484834832045184,0.02853048825802616,0.02853048825802616,0.02853048825802616,0.02853048825802616,0.02853048825802616,0.02853048825802616,0.03153216966409037,0.03415994723543401,0.03415994723543401,0.034263293326397146
50,5509966,16.2916666667,-16.2083333333,152968,16.25,-16.25,"MULTIPOLYGON (((-16.25 16.25, -16.25 16.33333333333337, -16.16666666666663 16.33333333333337, -16.16666666666663 16.25, -16.25 16.25)))",8602.560000000001,698.85,2022-08-20,0.0013309991444407246,0.0013309991444407246,0.0013309991444407246,0.0013309991444407246,0.0033373786407766993,0.0033373786407766993,0.00425338503887215,0.005286798348398616,0.005286798348398616,0.010264386415206635,0.010342270207938101,0.010342270207938101,0.012266116132872075,0.012266116132872075,0.015251274039355726,0.015251274039355726,0.0297446341554142,0.0297446341554142,0.06050408250567273,0.06050408250567273,0.060512219618346165,0.060512219618346165,0.06575949484804523,0.06575949484804523,0.06575949484804523,0.06575949484804523,0.06575949484804523,0.06575949484804523,0.07312474426217312,0.08097008332403377,0.08097008332403377,0.08123744559758955
51,5509965,16.2916666667,-16.2916666667,152968,16.25,-16.25,"MULTIPOLYGON (((-16.333333333333314 16.25, -16.333333333333314 16.33333333333337, -16.25 16.33333333333337, -16.25 16.25, -16.333333333333314 16.25)))",8611.84,323.38,2022-08-20,0.00043660820451843046,0.00043660820451843046,0.00043776939655172415,0.00043776939655172415,0.0010462340219976219,0.0010462340219976219,0.001245959051724138,0.0013179529577883474,0.0013179529577883474,0.009769108576099882,0.010044311087990488,0.010044311087990488,0.010565686310939359,0.010565686310939359,0.012679055811533889,0.012679055811533889,0.014402264788941736,0.014402264788941736,0.03442121544292509,0.03442121544292509,0.03442121544292509,0.03442121544292509,0.03576239224137931,0.03576239224137931,0.03576239224137931,0.03576239224137931,0.03576239224137931,0.03576239224137931,0.036471880573721756,0.03754830558858501,0.03754830558858501,0.0375506279726516
