ID,geometry,latitude,longitude,aoi_area,date,p,year,2022-07-01,2022-07-03,2022-07-06,2022-07-08,2022-07-11,2022-07-13,2022-07-16,2022-07-21,2022-07-23,2022-07-26,2022-07-31,2022-08-02,2022-08-05,2022-08-07,2022-08-10,2022-08-12,2022-08-15,2022-08-17,2022-08-20,2022-08-22,2022-08-25,2022-08-27,2022-08-30,2022-09-01,2022-09-04,2022-09-06
5509970.0,"MULTIPOLYGON (((-15.916666666666686 16.25, -15.916666666666686 16.33333333333337, -15.833333333333314 16.33333333333337, -15.833333333333314 16.25, -15.916666666666686 16.25)))",16.2916666667,-15.875,1114.78,2022-07-01,0.0,2022,3.07376399100551e-31,1.3516110788552028e-22,1.6657069931071928e-16,3.263438126587258e-12,3.4534315522020113e-09,4.674127884763566e-07,1.496150854450515e-05,0.0001829719129717994,0.001261771068502898,0.006575304356930647,0.028601505986050834,0.08157129587017871,0.16034079887862845,0.23588887499583847,0.28831878109683245,0.3199999999998981,0.3385778827049926,0.34962324697763547,0.35636348352140057,0.3605842931554329,0.36328565710989397,0.3650447006235235,0.3662056080383232,0.3669797866640921,0.36750030163044106,0.3678525556936696
5509969.0,"MULTIPOLYGON (((-16 16.25, -16 16.33333333333337, -15.916666666666686 16.33333333333337, -15.916666666666686 16.25, -16 16.25)))",16.2916666667,-15.9583333333,6401.76,2022-07-01,0.0003014795931118,2022,9.77777128038846e-84,5.682243593955505e-59,1.605509928289899e-41,3.1855944745347916e-29,1.4762057128874105e-20,1.887744168709835e-14,3.7960342638822e-10,4.093903749726166e-07,5.74342433127236e-05,0.0021683021019261207,0.03713529869695968,0.30621544199812517,1.3918603945860053,4.8166225201792034,11.905599930981538,20.479999999999563,27.638610210213006,32.67211332248487,35.97325713286806,38.08124994348443,39.41733113503751,40.265718552086085,40.8078478104789,41.15715571588247,41.38423258282456,41.53315137176243
5505644.0,"MULTIPOLYGON (((-16.416666666666686 16.166666666666686, -16.416666666666686 16.25, -16.333333333333314 16.25, -16.333333333333314 16.166666666666686, -16.416666666666686 16.166666666666686)))",16.2083333333,-16.375,6766.410000000001,2022-07-01,0.0028257229461413,2022,4.913167473219507,6.788474061140166,9.52955846358546,13.51641731373183,19.225510831445998,26.791449647523507,35.43371640534791,43.946886755915685,51.46266502763618,57.64739736205679,62.53227985680951,66.30789541009213,69.19786393901768,71.40365911574548,73.0888347143588,74.3799999999998,75.37307901339268,76.14013334406634,76.73519952126848,77.19886001717697,77.56168991259301,77.8468150705995,78.07180084558729,78.25004634618004,78.39181614870044,78.50500645584731
5505643.0,"MULTIPOLYGON (((-16.5 16.166666666666686, -16.5 16.25, -16.416666666666686 16.25, -16.416666666666686 16.166666666666686, -16.5 16.166666666666686)))",16.2083333333,-16.4583333333,1883.63,2022-07-01,0.0026225957327075,2022,0.6082888417519182,1.5109331461399738,3.3057062959414294,6.482644873225163,10.978900779056003,15.667381509956522,19.506114042169,22.24642134210233,24.084316223215854,25.292864418887614,26.08934214508469,26.62088731990123,26.98157442602258,27.230620017621114,27.405442261194253,27.52999999999989,27.61990491331268,27.68552418431807,27.733872613150492,27.76978106746857,27.796630158163428,27.816819558956574,27.83207401856119,27.843646664207114,27.852456486871784,27.859182853103455
5527255.0,"MULTIPOLYGON (((-15.5 16.583333333333314, -15.5 16.6666666666668, -15.416666666666686 16.6666666666668, -15.416666666666686 16.583333333333314, -15.5 16.583333333333314)))",16.625,-15.4583333333,223.7,2022-07-01,0.0004470272686633,2022,2.084961353356328e-10,3.790176644665541e-08,2.1797549522800426e-06,5.115667699569052e-05,0.0005975382203290177,0.004073302252154698,0.018718979673035457,0.0664167387198438,0.20349695850142524,0.5733421820627491,1.39832761447267,2.9803571732596303,5.942390114631771,9.76843670648357,13.204635412588075,15.73999999999999,17.456421391602696,18.585864838212228,19.32926820606906,19.82535621789055,20.16276312250484,20.396848941979055,20.56228066307486,20.681096420351825,20.767600679623296,20.831291035639552
5505648.0,"MULTIPOLYGON (((-16.08333333333337 16.166666666666686, -16.08333333333337 16.25, -16 16.25, -16 16.166666666666686, -16.08333333333337 16.166666666666686)))",16.2083333333,-16.0416666667,6196.900000000001,2022-07-01,0.0,2022,2.3365366072426267e-28,6.960259854840243e-22,7.666954646606575e-17,6.476411704502395e-13,7.403898949944664e-10,1.782918913194716e-07,1.2765076306164253e-05,0.0003566702904339037,0.004936723357980828,0.043140635223405395,0.30018783133495974,1.643402371757976,6.109124707331531,17.658046346136068,41.07965891328965,71.00999999999964,97.83372738059794,118.40740119514827,133.4001197575502,144.2334392607835,152.12241896935703,157.93918619316105,162.27985214319986,165.55080219296326,168.0337391380255,169.9284017674802
5505647.0,"MULTIPOLYGON (((-16.16666666666663 16.166666666666686, -16.16666666666663 16.25, -16.08333333333337 16.25, -16.08333333333337 16.166666666666686, -16.16666666666663 16.166666666666686)))",16.2083333333,-16.125,8602.560000000001,2022-07-01,0.0,2022,4.836375529599201e-29,2.126675556886879e-20,2.620885846967895e-14,5.134815927289319e-10,5.433757622856071e-07,7.353303839720285e-05,0.002335836121038773,0.026722165899519118,0.14897665873044405,0.5045757219415721,1.2715031329678368,3.1209198288278444,7.917034358389066,18.510877562281042,34.44159205474503,50.34999999999926,62.76575163690114,71.38391484155403,77.0963009576571,80.83707104241981,83.29238051542951,84.91587845839632,85.99841460334646,86.72595013746466,87.21828528076041,87.55341786116952
5505646.0,"MULTIPOLYGON (((-16.25 16.166666666666686, -16.25 16.25, -16.16666666666663 16.25, -16.16666666666663 16.166666666666686, -16.25 16.166666666666686)))",16.2083333333,-16.2083333333,8592.73,2022-07-01,1.978416638251173e-05,2022,3.0877751232266057e-10,1.5534341150925375e-06,0.00035614930674939855,0.011741828777404277,0.13989778921710055,0.8621220599963388,2.8979646662586616,6.854100625698002,13.424283657394346,21.30313495875724,28.029632111052596,32.75193650132784,35.776373197801874,37.63510649231584,38.75713841785268,39.42999999999972,39.83316837888074,40.075258182413506,40.22114813290347,40.30943484896593,40.363094153093435,40.39584508635657,40.41591409793172,40.42825717214815,40.435874124996424,40.44058898335021
5505645.0,"MULTIPOLYGON (((-16.333333333333314 16.166666666666686, -16.333333333333314 16.25, -16.25 16.25, -16.25 16.166666666666686, -16.333333333333314 16.166666666666686)))",16.2083333333,-16.2916666667,8602.2,2022-07-01,0.0006091464974076,2022,0.20783617660203033,0.42177773493178966,0.8421875758847255,1.6607136632226804,3.1342402961835303,5.57638243220326,9.067844112977038,13.061774045932758,16.797095170854767,19.842515099758486,22.136212097314896,23.798138777332195,24.98590336302896,25.83491553592082,26.44599102426661,26.889999999999347,27.215798277186877,27.45703637807103,27.63708349878078,27.772366926521205,27.874587058409457,27.952183597483412,28.0113141471342,28.056516150645784,28.09116158394627,28.1177741955865
5522926.0,"MULTIPOLYGON (((-16.25 16.5, -16.25 16.583333333333314, -16.16666666666663 16.583333333333314, -16.16666666666663 16.5, -16.25 16.5)))",16.5416666667,-16.2083333333,1952.78,2022-07-01,0.0003431006052909,2022,0.2838928055093421,0.43893348231395457,0.6871309236322939,1.1041780739084066,1.759991102159968,2.695687242509968,3.9598004626453487,5.7017399242232525,8.279087161195577,11.913208668746947,16.060700085097466,19.935670220417528,23.157408785404296,25.704591344246605,27.690241743800588,29.239999999999846,30.456339678592666,31.41628958481884,32.17711491060124,32.781940785905846,33.263810276500294,33.648401512019554,33.95585639231125,34.20205879330587,34.399568461160364,34.558328630058156
5522925.0,"MULTIPOLYGON (((-16.333333333333314 16.5, -16.333333333333314 16.583333333333314, -16.25 16.583333333333314, -16.25 16.5, -16.333333333333314 16.5)))",16.5416666667,-16.2916666667,865.6700000000001,2022-07-01,0.0007970704772026,2022,0.0926722111478586,0.18806493561973964,0.3749379747141944,0.7243787578396829,1.2812677575519063,2.07020890498367,3.1509189971695863,4.591555486256933,6.250500778147381,7.819875338892053,9.108118128514185,10.088091581480969,10.808889325933713,11.332893358328079,11.713222599553385,11.989999999999927,12.192273571514495,12.340791642587716,12.450347604440893,12.531520321119672,12.591911341758998,12.637012485364249,12.670813083556668,12.696226312600432,12.715390060683212,12.729880520634657
5522930.0,"MULTIPOLYGON (((-15.916666666666686 16.5, -15.916666666666686 16.583333333333314, -15.833333333333314 16.583333333333314, -15.833333333333314 16.5, -15.916666666666686 16.5)))",16.5416666667,-15.875,948.7,2022-07-01,0.0012754295351533,2022,0.16925028304974146,0.3778606605858163,0.7834341308658241,1.5314026958624276,2.771609305746489,4.510302692386609,6.369128134530365,7.927535781135938,9.063788437503293,9.843088907558647,10.367487695562806,10.72054548094457,10.9603165721603,11.125027191034716,11.239520217287383,11.31999999999995,11.377148324679572,11.418098638484993,11.447678835147288,11.469198423069711,11.484952955239374,11.496551764937452,11.505133953945458,11.511512716562235,11.516273037145353,11.51983861994503
5522927.0,"MULTIPOLYGON (((-16.16666666666663 16.5, -16.16666666666663 16.583333333333314, -16.08333333333337 16.583333333333314, -16.08333333333337 16.5, -16.16666666666663 16.5)))",16.5416666667,-16.125,4323.02,2022-07-01,0.0003793644257949,2022,1.3152211739183595e-09,2.3908935136521057e-07,1.375018228792156e-05,0.00032270307871042634,0.003769350056954775,0.025694928882874203,0.1180817974419117,0.41896556464379225,1.2836857058199813,3.6167182501277213,8.820835377445448,18.80048689535887,37.48538211447194,61.620589617964,83.29658514077953,99.28999999999994,110.11741295884573,117.24209147306809,121.9315781563276,125.06096689163613,127.18937423338656,128.66601851646126,129.70958367450456,130.45908917260053,131.0047694713975,131.4065366536627
5522934.0,"MULTIPOLYGON (((-15.583333333333371 16.5, -15.583333333333371 16.583333333333314, -15.5 16.583333333333314, -15.5 16.5, -15.583333333333371 16.5)))",16.5416666667,-15.5416666667,2145.3,2022-07-01,0.001389083111919,2022,2.5848683482547504e-10,2.685745559011821e-07,3.58794395095828e-05,0.001129531615407132,0.012896998732158677,0.07456429753997537,0.28318110076846653,0.8002526153735413,1.776186565844821,3.3905519439633256,6.087558653910934,10.228934684056087,16.00529386886793,22.088027394436114,26.83553336679741,29.989999999999917,31.96609242145213,33.192362835262344,33.96089626330526,34.45003099613961,34.76616099910347,34.97324784353001,35.11043574162918,35.202156414152114,35.26393919972343,35.30581135212512
5522933.0,"MULTIPOLYGON (((-15.666666666666629 16.5, -15.666666666666629 16.583333333333314, -15.583333333333371 16.583333333333314, -15.583333333333371 16.5, -15.666666666666629 16.5)))",16.5416666667,-15.625,1342.94,2022-07-01,0.0008265447451114,2022,0.33861026232837044,0.6074261849125946,1.0566233823933973,1.7179681484037572,2.5144416638717138,3.25493522379445,3.821535601692647,4.212377267701777,4.470084111532664,4.637441512859899,4.746032212829683,4.81691859081085,4.863627507540915,4.894742487691316,4.915708763853902,4.929999999999941,4.939851291850213,4.94671547961543,4.951547271685616,4.954981067334602,4.957443127375231,4.959222994801212,4.960519430286732,4.961470265715115,4.9621720105613925,4.962692863183827
5518605.0,"MULTIPOLYGON (((-16.333333333333314 16.41666666666663, -16.333333333333314 16.5, -16.25 16.5, -16.25 16.41666666666663, -16.333333333333314 16.41666666666663)))",16.4583333333,-16.2916666667,5119.12,2022-07-01,0.0014260263482786,2022,2.3584552594618596e-09,6.9323314986979876e-06,0.001466316690959079,0.04686026173400441,0.44946926222719075,2.145873557068876,6.672994186503229,15.181962729015154,28.698626647357596,50.45007987472696,78.61139316602474,103.7465408848188,121.39102402783952,132.51584883212405,139.27857337260915,143.3699999999995,145.8655999145455,147.4073512837792,148.37297707713924,148.98576695915492,149.37933766504105,149.63482849870124,149.80225224358242,149.9128748541493,149.98649726402044,150.03580636808715
5522931.0,"MULTIPOLYGON (((-15.833333333333314 16.5, -15.833333333333314 16.583333333333314, -15.75 16.583333333333314, -15.75 16.5, -15.833333333333314 16.5)))",16.5416666667,-15.7916666667,236.44,2022-07-01,0.0001691761123329,2022,3.373687185083351e-05,0.00038122236256729755,0.0021593978121661316,0.008597782381005349,0.028562609061293244,0.07699931159212138,0.16388386461534096,0.2894116584894456,0.4561577702417275,0.6300920068401039,0.7631021287360346,0.847304925433448,0.8964871233143946,0.9245649587317626,0.9406500740616909,0.9499999999999784,0.9555370347770643,0.9588802688351816,0.9609368068268798,0.9622236829847173,0.9630413866734454,0.9635680413880195,0.9639112644269483,0.964137240479896,0.9642873385734344,0.9643877962023706
5501324.0,"MULTIPOLYGON (((-16.416666666666686 16.083333333333428, -16.416666666666686 16.166666666666686, -16.333333333333314 16.166666666666686, -16.333333333333314 16.083333333333428, -16.416666666666686 16.083333333333428)))",16.125,-16.375,8602.560000000001,2022-07-01,0.0001464680281218,2022,0.004128327850525195,0.04663193867354321,0.2585643293280798,0.8958244674955125,2.3681658376849453,5.391284968949363,11.28851132173733,22.44646966049573,40.16355541223344,60.600153212348154,78.80264863496947,92.71157816976624,102.4915771554128,109.07580768562181,113.41519642728505,116.24999999999945,118.0984747472753,119.30616965888953,120.09834845534448,120.62053548302133,120.96656944590491,121.1970872410638,121.35143585842516,121.45528147162439,121.52546150743079,121.5730853224891
5518609.0,"MULTIPOLYGON (((-16 16.41666666666663, -16 16.5, -15.916666666666686 16.5, -15.916666666666686 16.41666666666663, -16 16.41666666666663)))",16.4583333333,-15.9583333333,7911.29,2022-07-01,0.0031865852471594,2022,0.012293534822712646,0.07556484516747336,0.3111617546390754,0.946230222884266,2.332770706514767,5.040702595154937,10.047888636378573,18.799240071611745,32.52093300745624,52.896890468476165,86.6608313128654,137.32510817273885,192.36196891026907,239.02105612549727,273.69581844238155,297.9599999999999,314.5373429988742,325.7870280449792,333.43110672665847,338.65097390700697,342.2387849976988,344.72239018909755,346.45399724828724,347.6697777013964,348.52913897497064,349.1404563784505
5501323.0,"MULTIPOLYGON (((-16.5 16.083333333333428, -16.5 16.166666666666686, -16.416666666666686 16.166666666666686, -16.416666666666686 16.083333333333428, -16.5 16.083333333333428)))",16.125,-16.4583333333,3556.02,2022-07-01,0.0008183306055646,2022,0.5195624855104678,1.159952116197621,2.404976682649054,4.7010815972808455,8.508252948294182,13.845673017706194,19.55187302782062,24.33585409845167,27.82390885187618,30.216196072231607,31.825989171449308,32.90980171933062,33.645848134502565,34.151474813467765,34.502944129923605,34.74999999999973,34.925433240513584,35.05114202185089,35.141946954184355,35.20800752664939,35.25637060022675,35.29197648688825,35.31832198759747,35.337903436443135,35.352516611378064,35.36346219461912
5522936.0,"MULTIPOLYGON (((-15.416666666666686 16.5, -15.416666666666686 16.583333333333314, -15.333333333333258 16.583333333333314, -15.333333333333258 16.5, -15.416666666666686 16.5)))",16.5416666667,-15.375,2194.49,2022-07-01,0.0007655537277453,2022,1.9900539352907276e-28,3.516955060619937e-18,2.0133544586873865e-11,4.129465558820368e-07,0.00023253972115352189,0.013338589817772951,0.18982929564777176,1.2084411736502394,4.4357121011890746,11.283071141663829,25.072034054489908,48.350917730975716,73.7677051208239,94.20226619729681,108.40935597943374,117.72999999999992,123.73081430108304,127.58518462498284,130.0714337068118,131.68588504611975,132.74186986253753,133.43750038004399,133.8988101385078,134.20660421448267,134.41311180613417,134.5523585198064
5518608.0,"MULTIPOLYGON (((-16.08333333333337 16.41666666666663, -16.08333333333337 16.5, -16 16.5, -16 16.41666666666663, -16.08333333333337 16.41666666666663)))",16.4583333333,-16.0416666667,7465.620000000001,2022-07-01,0.0005545420206225,2022,0.6287584840810784,0.9721409834777364,1.5224157834418885,2.464002613112078,4.065992413733925,6.651133722900583,10.40872957819795,15.428804934278121,22.128739015496645,30.728715434909994,39.9369711919373,48.06787808729818,54.40692768504623,59.051717562552845,62.3788678899213,64.75999999999941,66.48146674820057,67.7450401634778,68.68829456220826,69.40434041146044,69.95652731978784,70.388468307957,70.73064667230864,71.00472624699744,71.22636771694985,71.40708332083004
5522935.0,"MULTIPOLYGON (((-15.5 16.5, -15.5 16.583333333333314, -15.416666666666686 16.583333333333314, -15.416666666666686 16.5, -15.5 16.5)))",16.5416666667,-15.4583333333,5720.01,2022-07-01,0.0002342653247109,2022,3.3898923686848436e-10,3.5221864900278095e-07,4.705362974030942e-05,0.0014813097177050446,0.0169136058468247,0.09780891517186198,0.37554859677187263,1.1344118537197911,2.8124707566223455,5.788935727547757,10.748075359744126,17.877878401119254,25.404907820547045,31.65618869901621,36.21098075007679,39.32999999999954,41.40971816916405,42.78335754965503,43.68941941029146,44.288536644976716,44.68634138980757,44.951747994807654,45.12969295585799,45.249566522213975,45.330681159276736,45.38579523123764
5518607.0,"MULTIPOLYGON (((-16.16666666666663 16.41666666666663, -16.16666666666663 16.5, -16.08333333333337 16.5, -16.08333333333337 16.41666666666663, -16.16666666666663 16.41666666666663)))",16.4583333333,-16.125,8611.84,2022-07-01,0.0013307260701545,2022,1.8274856816806184,3.097570413984288,4.960166583675298,7.656503599263429,11.544830757336635,17.21850755943838,25.499329614412062,36.63038622398237,49.53646832960632,62.4982170286142,74.15197637467189,83.85897564724698,91.56208170633595,97.50756844962207,102.03533617044243,105.46999999999973,108.08099396107285,110.07729895611244,111.61554290996693,112.81122445969184,113.74902682932401,114.49108067232224,115.08318104821653,115.55932107501737,115.9449484037912,116.25929049841218
5518606.0,"MULTIPOLYGON (((-16.25 16.41666666666663, -16.25 16.5, -16.16666666666663 16.5, -16.16666666666663 16.41666666666663, -16.25 16.41666666666663)))",16.4583333333,-16.2083333333,8602.560000000001,2022-07-01,0.0001336811367778,2022,6.542314544607873e-28,2.876819705651786e-19,3.5453532281427196e-13,6.946024087560277e-09,7.350413219392798e-06,0.0009948589075578081,0.031844513249445,0.38869427764708736,2.5610043190098257,10.517920902531197,29.77033007234486,72.75688366863204,170.87487467873456,338.1814600577038,525.1801376607591,681.0999999999999,796.7073503514871,879.2460692093558,937.3594798436014,977.9717742033321,1006.21117333817,1025.7795868684227,1039.3102968288438,1048.655973637289,1055.1092903958554,1059.5668597856895
5501327.0,"MULTIPOLYGON (((-16.16666666666663 16.083333333333428, -16.16666666666663 16.166666666666686, -16.08333333333337 16.166666666666686, -16.08333333333337 16.083333333333428, -16.16666666666663 16.083333333333428)))",16.125,-16.125,2231.1600000000003,2022-07-01,0.0,2022,3.7958289827135624e-05,0.00023331875941086657,0.0009607625875214988,0.0029219200021270765,0.007269689283910282,0.017138262967196255,0.040827254686698344,0.08777441231345193,0.16791734971559963,0.3039870865350835,0.48452108678203654,0.6482011053899941,0.7653564750350245,0.8413427426300292,0.8893951379771351,0.9199999999998124,0.9398782499830437,0.9530889118097357,0.9620658630850449,0.9682887703354196,0.9726773461217368,0.9758175623951285,0.9780919786892287,0.9797560766980815,0.9809839690770412,0.9818964410112401
5518613.0,"MULTIPOLYGON (((-15.666666666666629 16.41666666666663, -15.666666666666629 16.5, -15.583333333333371 16.5, -15.583333333333371 16.41666666666663, -15.666666666666629 16.41666666666663)))",16.4583333333,-15.625,2349.42,2022-07-01,7.661465382945578e-05,2022,0.08192872719062949,0.16627035425048142,0.3341713040251047,0.7013646881430979,1.4660036841585828,2.713058732875705,4.2864471668573145,5.862356361951804,7.197187145167786,8.225156656603213,8.982897673106905,9.53333154518247,9.933097773685462,10.225186290475675,10.440306060124728,10.599999999999984,10.719391685953738,10.809192080026229,10.877075160334561,10.928603458430581,10.967851803751723,10.99783240270573,11.020788894872434,11.038402965585856,11.05194164310916,11.06236365805471
5501326.0,"MULTIPOLYGON (((-16.25 16.083333333333428, -16.25 16.166666666666686, -16.16666666666663 16.166666666666686, -16.16666666666663 16.083333333333428, -16.25 16.083333333333428)))",16.125,-16.2083333333,6238.320000000001,2022-07-01,0.0,2022,1.6916194379487802e-05,0.00010397901234616756,0.0004281659263056146,0.0013020351435848781,0.003209947636847309,0.006936360715842701,0.013870374362058532,0.02691889493719994,0.053239359167697044,0.10342265765068916,0.17277371523876758,0.24315018659402138,0.3030595526279317,0.34981256379421266,0.3846766314686392,0.41000000000000003,0.4281046288205842,0.4409306135034155,0.44997562603736824,0.45634522151986084,0.4608340221709584,0.46400423756093234,0.46625016877862097,0.4678472005629414,0.4689874435567072,0.4698050312908367
5518612.0,"MULTIPOLYGON (((-15.75 16.41666666666663, -15.75 16.5, -15.666666666666629 16.5, -15.666666666666629 16.41666666666663, -15.75 16.41666666666663)))",16.4583333333,-15.7083333333,2464.9700000000003,2022-07-01,0.0028479048426552,2022,3.392220389182059,4.960374168742632,6.755298568286455,8.517003398331761,10.065153463285482,11.337072913012774,12.343955869395634,13.126362107395378,13.729631635413034,14.194012381374515,14.552110715931876,14.829256450526614,15.044745302846236,15.213155315172665,15.345475794525763,15.449999999999873,15.533005395909854,15.599263056789974,15.652416222134425,15.695260943290672,15.729954271958302,15.758169063816103,15.781209481750919,15.80009752826574,15.815638164739655,15.828468548362519
5501325.0,"MULTIPOLYGON (((-16.333333333333314 16.083333333333428, -16.333333333333314 16.166666666666686, -16.25 16.166666666666686, -16.25 16.083333333333428, -16.333333333333314 16.083333333333428)))",16.125,-16.2916666667,8611.84,2022-07-01,3.715814506539834e-05,2022,0.00012074249197233282,0.0013638588515273182,0.0075623160713139065,0.026229688611575944,0.07211509414670163,0.18857932667635863,0.43391995278536954,0.8397280856689174,1.4272313474437883,2.068564442842071,2.5790070462139165,2.919396776217326,3.132245134494224,3.264185917655869,3.3470238391077607,3.399999999999507,3.434487262978099,3.457281161897656,3.4725322446820734,3.4828359947534784,3.489850606532605,3.494654833857912,3.4979609232092503,3.500244743703044,3.5018272528376624,3.5029265612886906
5518611.0,"MULTIPOLYGON (((-15.833333333333314 16.41666666666663, -15.833333333333314 16.5, -15.75 16.5, -15.75 16.41666666666663, -15.833333333333314 16.41666666666663)))",16.4583333333,-15.7916666667,2687.35,2022-07-01,0.0015442722384505,2022,9.656993232239785e-29,1.7066477755305915e-18,9.770062025380965e-12,2.003876383937475e-07,0.00011283906044909058,0.006440002337508966,0.08605348533054165,0.46304274335674167,1.4508188177056855,3.5472695594261547,8.236242992749247,16.96565838823088,29.75347224840387,42.44685421070087,51.51306323651493,57.12999999999982,60.49776632854596,62.537155550068576,63.79885280634493,64.59623441190152,65.10930181987872,65.44419056682823,65.66525678576939,65.81249652053057,65.91127296293978,65.97793033790907
5518610.0,"MULTIPOLYGON (((-15.916666666666686 16.41666666666663, -15.916666666666686 16.5, -15.833333333333314 16.5, -15.833333333333314 16.41666666666663, -15.916666666666686 16.41666666666663)))",16.4583333333,-15.875,7730.150000000001,2022-07-01,0.0002354417443387,2022,2.8121959127298286,4.247364962124339,6.18792785736916,8.83181906443992,12.476418065157956,17.616374174045557,25.167302635533794,37.111369672638254,57.75650330032213,90.91891407837615,133.0018391862543,176.2378078848079,214.98725071087412,246.90792272864442,271.848587260902,290.70999999999964,304.7107583661819,315.01305940367274,322.5805392334995,328.1565138170041,332.29175167047686,335.3853390340985,337.7231722110504,339.5091710247732,340.88884298282676,341.96640216937135
5518614.0,"MULTIPOLYGON (((-15.583333333333371 16.41666666666663, -15.583333333333371 16.5, -15.5 16.5, -15.5 16.41666666666663, -15.583333333333371 16.41666666666663)))",16.4583333333,-15.5416666667,784.25,2022-07-01,0.0,2022,0.00919765898798581,0.018665327221641898,0.0372123594587059,0.07189413860126839,0.12716502347679254,0.20546693885992703,0.3127267395022305,0.4557090098953843,0.6203582924099466,0.7761177358866878,0.9039750269334191,1.0012367791461343,1.0727755044087488,1.1247825768482225,1.162530016135804,1.189999999999973,1.210075525446372,1.2248158510991771,1.2356892117835205,1.2437455531386286,1.2497393241612138,1.2542155844523102,1.257570272679915,1.2600925197659933,1.2619945097758771,1.2634326788619672
5497004.0,"MULTIPOLYGON (((-16.416666666666686 16, -16.416666666666686 16.083333333333428, -16.333333333333314 16.083333333333428, -16.333333333333314 16, -16.416666666666686 16)))",16.0416666667,-16.375,8545.140000000001,2022-07-01,0.000218837842329,2022,1.5114380221758822e-09,4.442649216017107e-06,0.0009397027102275271,0.030030835251957246,0.28805342761012104,1.3817116963800289,4.509566611307662,11.23906124340294,22.321054795835913,37.652708611389336,54.44852861139939,68.62846751605672,78.69636447019741,85.2417908159372,89.34124788659219,91.87999999999992,93.45427253015376,94.43740368762359,95.05720607718762,95.45194463156601,95.70587596874279,95.87077905624926,95.9788033104983,96.05012822902228,96.09755671251412,96.1292950530102
5514288.0,"MULTIPOLYGON (((-16.08333333333337 16.33333333333337, -16.08333333333337 16.41666666666663, -16 16.41666666666663, -16 16.33333333333337, -16.08333333333337 16.33333333333337)))",16.375,-16.0416666667,8602.08,2022-07-01,2.3250190651563343e-05,2022,0.0035524008196924314,0.02183559259269514,0.08991484452417889,0.2734273801528231,0.6740889979558367,1.4565864325508098,2.90348775537721,5.432321688031173,9.397410162243178,15.28534793037921,25.04194380466404,39.682144629053546,55.58586898635432,69.06871033831816,79.08850170455433,86.09999999999984,90.89027128541755,94.14103609435044,96.34990699813815,97.85826571819456,98.89501741274604,99.61269229185541,100.11306605946257,100.46438401157933,100.71270930911838,100.88935861922585
5497003.0,"MULTIPOLYGON (((-16.5 16, -16.5 16.083333333333428, -16.416666666666686 16.083333333333428, -16.416666666666686 16, -16.5 16)))",16.0416666667,-16.4583333333,7575.04,2022-07-01,0.0004726047651233,2022,1.0760547070656774,1.6637140165819295,2.6044705973381967,4.1852276321586155,6.670993461887785,10.217775296883467,15.013997864313271,21.62907812365271,31.03203511860954,43.345991522230584,57.22613382801623,70.99766303518693,83.55123998794639,94.39843106581898,103.45071754531476,110.8299999999995,116.75021322572223,121.44956337096927,125.15476847307842,128.06493908948565,130.34679649099456,132.13580156600233,133.53989470660167,134.64401148745887,135.51445675959022,136.2027473374149
5514287.0,"MULTIPOLYGON (((-16.16666666666663 16.33333333333337, -16.16666666666663 16.41666666666663, -16.08333333333337 16.41666666666663, -16.08333333333337 16.33333333333337, -16.16666666666663 16.33333333333337)))",16.375,-16.125,8602.52,2022-07-01,0.0026782849676606,2022,0.005242782487320754,0.03222588560689628,0.13270010794062026,0.4035356236471451,0.994848884671871,2.1496914980746955,4.285089304016049,8.017248744461332,13.869093023417419,22.558759134881356,36.957953533782316,58.564577444992224,82.03596250982622,101.93450665145274,116.72213602320217,127.06999999999964,134.13968376583045,138.93729914644715,142.19724369632297,144.4233429130194,145.95342465316642,147.01259941377538,147.7510720577921,148.26956186238533,148.6360507771157,148.89675725603965
5514286.0,"MULTIPOLYGON (((-16.25 16.33333333333337, -16.25 16.41666666666663, -16.16666666666663 16.41666666666663, -16.16666666666663 16.33333333333337, -16.25 16.33333333333337)))",16.375,-16.2083333333,8593.29,2022-07-01,0.0001000780841796,2022,2.8745709230740537e-09,5.225579629344776e-07,3.005264435796006e-05,0.0007053056210187283,0.008238358906836081,0.056159296171543194,0.25808168861787917,0.9156986321215554,2.805646439923394,7.904764099710099,19.27897557920671,41.09068044276183,81.92872165033282,134.67906287636566,182.05450640951292,217.00999999999956,240.67458743276333,256.2464122325559,266.49583820832527,273.3354862035846,277.9873713605316,281.21475151835256,283.49558619401955,285.1337188170611,286.32636743869404,287.20447697866155
5514285.0,"MULTIPOLYGON (((-16.333333333333314 16.33333333333337, -16.333333333333314 16.41666666666663, -16.25 16.41666666666663, -16.25 16.33333333333337, -16.333333333333314 16.33333333333337)))",16.375,-16.2916666667,8171.52,2022-07-01,0.0008395010964912,2022,3.451895456828323e-09,1.014633773932333e-05,0.0021461386233581166,0.06858587795398957,0.6578547114860412,3.140755438483177,9.766765014269637,22.220709067842236,42.00404419112449,73.84002762720728,115.05764624369557,151.84609150638477,177.6710084536643,193.95358665643374,203.85168331246638,209.8399999999993,213.49262388273863,215.74917063115177,217.16248524703147,218.05938019605964,218.63542035036775,219.00936327102932,219.25440894743213,219.41631903044353,219.52407467309797,219.59624473934164
5514292.0,"MULTIPOLYGON (((-15.75 16.33333333333337, -15.75 16.41666666666663, -15.666666666666629 16.41666666666663, -15.666666666666629 16.33333333333337, -15.75 16.33333333333337)))",16.375,-15.7083333333,1758.0,2022-07-01,0.0035153583617747,2022,2.650833832716789,4.3600218461147815,6.1453459178452645,7.59763921839674,8.615914406516955,9.28122655501854,9.70523378092835,9.975425935516233,10.149808428992324,10.264487783727672,10.34149204662296,10.39427290257558,10.431144699230966,10.457340115800298,10.476222154721556,10.489999999999835,10.500156311353283,10.507706324933658,10.51335796456162,10.517612846396814,10.52083136841773,10.523275548726113,10.525137793362244,10.526560580408773,10.527650159390438,10.528486230588985
5497006.0,"MULTIPOLYGON (((-16.25 16, -16.25 16.083333333333428, -16.16666666666663 16.083333333333428, -16.16666666666663 16, -16.25 16)))",16.0416666667,-16.2083333333,150.92000000000002,2022-07-01,0.0,2022,1.5662059970715134e-13,7.87945277754237e-10,1.8064890020257923e-07,5.9557843151934206e-06,7.096007568708862e-05,0.0004372924473732215,0.0014699288187971346,0.0034765917452182302,0.006809172537354213,0.010805546517249014,0.014217414207989616,0.01661269921446949,0.018146778188080404,0.019089579757704492,0.019658705766092424,0.01999999999999909,0.020204498290073154,0.020327293016693882,0.020401292484352997,0.020446073978678363,0.020473291480137913,0.020489903670481882,0.02050008323506476,0.020506343987900893,0.020510207519652483,0.020512599027820783
5514291.0,"MULTIPOLYGON (((-15.833333333333314 16.33333333333337, -15.833333333333314 16.41666666666663, -15.75 16.41666666666663, -15.75 16.33333333333337, -15.833333333333314 16.33333333333337)))",16.375,-15.7916666667,3360.76,2022-07-01,0.0025232387912257,2022,1.3340784229113911,2.0149086784994235,2.935492865088165,4.189729170571735,5.918691532337839,8.357036771503246,11.93888012728277,17.55395786658524,26.579978750265244,39.90795457590194,57.42172590304328,77.47725448175679,97.17992638209483,114.217192691093,127.73036355387067,137.90999999999977,145.3710313748372,150.77494701561193,154.68094853522115,157.51608476301828,159.5907220045354,161.1249588780393,162.27318774480125,163.1434052470366,163.81132757234454,164.3303416349115
5497005.0,"MULTIPOLYGON (((-16.333333333333314 16, -16.333333333333314 16.083333333333428, -16.25 16.083333333333428, -16.25 16, -16.333333333333314 16)))",16.0416666667,-16.2916666667,5624.900000000001,2022-07-01,0.0,2022,9.796618511682388e-11,4.928597704099037e-07,0.00011297931335136949,0.003617746202882933,0.033865027956114964,0.15843817453156056,0.5181953021218351,1.4090959084545378,3.2530038506521883,5.794175633369361,8.17733960672977,9.948371860368159,11.111101736669927,11.827857832127899,12.256637027651381,12.50999999999953,12.659265746182276,12.747367951133196,12.799591190600115,12.830712278493342,12.849363558400487,12.860604540102022,12.867415851954522,12.87156379969349,12.874101490242518,12.875660577566075
5514290.0,"MULTIPOLYGON (((-15.916666666666686 16.33333333333337, -15.916666666666686 16.41666666666663, -15.833333333333314 16.41666666666663, -15.833333333333314 16.33333333333337, -15.916666666666686 16.33333333333337)))",16.375,-15.875,7818.43,2022-07-01,3.70918458053599e-05,2022,4.818989455851528e-10,8.760268509080817e-08,5.038086732144076e-06,0.00011823887605484222,0.0013810953275457188,0.009414659207966176,0.04326534183640587,0.15350959051003252,0.4703443043381088,1.3251708121628183,3.2319668751280566,6.888525664751276,13.73469837168382,22.577873404184967,30.519989600378214,36.37999999999989,40.3471798110867,42.95767235159844,44.6759070734937,45.822519644654164,46.60237118149454,47.14341578838605,47.52577957577265,47.800399477280656,48.000337530158426,48.14754560842219
5514289.0,"MULTIPOLYGON (((-16 16.33333333333337, -16 16.41666666666663, -15.916666666666686 16.41666666666663, -15.916666666666686 16.33333333333337, -16 16.33333333333337)))",16.375,-15.9583333333,8593.29,2022-07-01,5.1202740743068136e-05,2022,0.7334939813883595,1.4885350332847702,2.9722425047029266,5.860979049454624,11.061338940417318,19.680129892751868,32.00217204617086,46.09752164221042,59.28019084098707,70.02806556218334,78.12296496969938,83.98822498954485,88.18007546119323,91.17640328593993,93.33300662710825,94.89999999999918,96.04980500204817,96.90118082108523,97.53660186070425,98.01404318805888,98.37479776285232,98.64865092604008,98.85733404845955,99.01686064322526,99.13913106420763,99.23305210714764
5509964.0,"MULTIPOLYGON (((-16.416666666666686 16.25, -16.416666666666686 16.33333333333337, -16.333333333333314 16.33333333333337, -16.333333333333314 16.25, -16.416666666666686 16.25)))",16.2916666667,-16.375,2938.4700000000003,2022-07-01,0.0001531409202748,2022,0.07875814571085855,0.22174935184374397,0.6311082058260249,1.492653302777549,2.845773105090121,4.602722015298665,6.392646492806548,7.843344273848724,8.86710101138387,9.544120888068791,9.981166041421488,10.26205429052349,10.443367613760849,10.561324925519532,10.638744366337566,10.689999999999733,10.72420753330902,10.74720255153926,10.762758886908271,10.77334141113735,10.780575056414408,10.785540108965078,10.788960196724805,10.791323278078385,10.792960318910024,10.794096945721934
5492684.0,"MULTIPOLYGON (((-16.416666666666686 15.916666666666742, -16.416666666666686 16, -16.333333333333314 16, -16.333333333333314 15.916666666666742, -16.416666666666686 15.916666666666742)))",15.9583333333,-16.375,1657.0700000000002,2022-07-01,3.6208488476648544e-05,2022,1.4001881613819876e-10,7.044230771326425e-07,0.00016147642867486413,0.005170687618509104,0.04840181453679894,0.2264488058053072,0.7406340529127663,2.0139596197576286,4.649377206208072,8.281363734983808,11.68751656021846,14.218776088200503,15.880615431787733,16.90504380802986,17.517879300912362,17.879999999999892,18.09333905209802,18.219259709533873,18.29390011893984,18.338380139046222,18.36503760385356,18.38110385108165,18.390838963465566,18.396767445126056,18.40039445607862,18.402622791917562
5509968.0,"MULTIPOLYGON (((-16.08333333333337 16.25, -16.08333333333337 16.33333333333337, -16 16.33333333333337, -16 16.25, -16.08333333333337 16.25)))",16.2916666667,-16.0416666667,8611.84,2022-07-01,0.0002043697978596,2022,0.003342392455322683,0.02054473119551949,0.08459932119516504,0.25726309019953775,0.6342386781975592,1.3705233697327182,2.7405829928545273,5.318779704542819,10.5193182589637,20.434803649468986,34.13755773534754,48.04291857556481,59.880132581435674,69.11784339748542,76.00647296408367,81.00999999999958,84.58720970915938,87.12143658515004,88.90859869582201,90.16713754957009,91.05405886846133,91.68044703612424,92.1242101774534,92.43976028683828,92.66505561592355,92.82659898748902
5492683.0,"MULTIPOLYGON (((-16.5 15.916666666666742, -16.5 16, -16.416666666666686 16, -16.416666666666686 15.916666666666742, -16.5 15.916666666666742)))",15.9583333333,-16.4583333333,7810.54,2022-07-01,0.0005851067915918,2022,0.851949001529397,1.2867339991597275,1.8754154588302236,2.7010232132585688,4.011531216217961,6.285350494078066,9.95346531545168,15.369407260681603,23.37758313207545,34.577783976554834,47.39102813296836,59.45535152505868,69.5356060834715,77.46075745496101,83.51239311737153,88.06999999999933,91.48202703085776,94.0332939091419,95.94493920882203,97.38387885388478,98.47396458853045,99.30616140854622,99.94693066448876,100.44475943062241,100.83507263857736,101.14384748960839
5509967.0,"MULTIPOLYGON (((-16.16666666666663 16.25, -16.16666666666663 16.33333333333337, -16.08333333333337 16.33333333333337, -16.08333333333337 16.25, -16.16666666666663 16.25)))",16.2916666667,-16.125,8611.84,2022-07-01,3.367456896551725e-05,2022,0.0018599562015299924,0.01143261921113459,0.04707736678856222,0.14317408010425342,0.35621477491167025,0.8397748853927731,2.0005354796485917,4.300946203359946,8.227950136065918,14.895367240221868,23.74153325232421,31.761854164115633,37.50246727672319,41.225794388879116,43.580361760887754,45.07999999999922,46.05403424917772,46.70135667868575,47.14122729117599,47.4461497464444,47.66118995997399,47.81506055737021,47.92650695578114,48.00804775821496,48.06821448478398,48.11292560955974
5509966.0,"MULTIPOLYGON (((-16.25 16.25, -16.25 16.33333333333337, -16.16666666666663 16.33333333333337, -16.16666666666663 16.25, -16.25 16.25)))",16.2916666667,-16.2083333333,8602.560000000001,2022-07-01,0.0013309991444407,2022,0.010072420760837213,0.0859010152637633,0.4286723894793106,1.4227392010469733,3.6434786017279692,7.9778976832418875,15.911816926594229,29.826700267330605,50.266484638385826,72.37425068369274,91.2417453846765,105.46413232390998,115.62687064895434,122.74963208292331,127.72110792780809,131.19999999999976,133.6479718169271,135.38223473242232,136.61967800131202,137.508890029219,138.15220954005704,138.6206087321195,138.9636789151967,139.21633759524423,139.40335502329876,139.54242955890592
5509965.0,"MULTIPOLYGON (((-16.333333333333314 16.25, -16.333333333333314 16.33333333333337, -16.25 16.33333333333337, -16.25 16.25, -16.333333333333314 16.25)))",16.2916666667,-16.2916666667,8611.84,2022-07-01,0.0004366082045184,2022,8.550701641012253e-10,4.301787236695366e-06,0.0009861080115776508,0.03157647545106312,0.295581327140552,1.3828828338225376,4.522050590667913,12.081903728061304,26.320717239586052,46.30325606681632,67.24021521403799,84.09414413137084,95.5104884720308,102.56871838224865,106.75170647592469,109.18999999999927,110.60611650231374,111.43076348709114,111.91369170447777,112.19845426966631,112.36758224297465,112.46874424388638,112.52965822466345,112.56656362975174,112.58904862177003,112.60281695493514
