,ID,geometry,latitude,longitude,aoi_area,date,p,year,2022-07-01,2022-07-03,2022-07-06,2022-07-08,2022-07-11,2022-07-13,2022-07-16,2022-07-21,2022-07-23,2022-07-26,2022-07-31,2022-08-02,2022-08-05,2022-08-07,2022-08-10,2022-08-12,2022-08-15,2022-08-17,2022-08-20,2022-08-22,2022-08-25,2022-08-27,2022-08-30,2022-09-01,2022-09-04,2022-09-06,2022-09-11,2022-09-16,2022-09-19,2022-09-24,2022-09-26,2022-09-29
0,5509970,"MULTIPOLYGON (((-15.916666666666686 16.25, -15.916666666666686 16.33333333333337, -15.833333333333314 16.33333333333337, -15.833333333333314 16.25, -15.916666666666686 16.25)))",16.2916666667,-15.875,1114.78,2022-07-01,0.0,2022.0,4.858263357276911e-05,9.567738272425528e-05,0.00018231869494293485,0.00033686773795479625,0.0006054829516007525,0.001064698499487753,0.001847808362186697,0.003197427058926184,0.005555170782083878,0.009689089276709795,0.01684656759779383,0.028911573680956305,0.04853465326580372,0.07919382963764647,0.12524906045913006,0.19260430389908492,0.2913296509502936,0.44439895606561614,0.7167053908003358,1.219999999999911,2.0121733485892577,3.027242529375859,4.138497328573208,5.241573341074489,6.28079481210905,7.238199368204373,8.116351532227071,8.926594843628878,9.68295427473679,10.399399786703,11.088736996474413,11.762215963190688
1,5509969,"MULTIPOLYGON (((-16 16.25, -16 16.33333333333337, -15.916666666666686 16.33333333333337, -15.916666666666686 16.25, -16 16.25)))",16.2916666667,-15.9583333333,6401.76,2022-07-01,0.0003014795931118,2022.0,1.0454675634627138e-28,3.1143213801792382e-22,3.4305272036915147e-17,2.897826785037154e-13,3.312824704510664e-10,7.977551349021756e-08,5.711805993910707e-06,0.00015976027717044792,0.0022302499753192304,0.019480785979629454,0.11786314523699039,0.5059110993110276,1.6330108792881064,4.139759578106151,8.699133960593144,15.942648721813274,25.57631219625667,36.09991731961229,45.902734779526725,54.07999999999959,60.43865510712286,65.18200760216507,68.64256323063697,71.14257904125068,72.94482037342489,74.24714852729497,75.19281938393118,75.883672071109,76.39162834942155,76.76749022391996,77.04728669477912,77.25672710203867
2,5505644,"MULTIPOLYGON (((-16.416666666666686 16.166666666666686, -16.416666666666686 16.25, -16.333333333333314 16.25, -16.333333333333314 16.166666666666686, -16.416666666666686 16.166666666666686)))",16.2083333333,-16.375,6766.410000000001,2022-07-01,0.0028257229461413,2022.0,4.978064406904968,6.031394939594843,7.320613174084001,8.88529296639531,10.755056109167302,12.945050415657603,15.454214680696333,18.26660618545164,21.357289879599584,24.710090728670785,28.354648839552947,32.40233074350657,37.03954668854998,42.52032378177791,49.25622260740253,57.78149532926909,68.34371185479884,80.55430262667284,93.53947606943318,106.36999999999964,118.37387767581015,129.21398829179557,138.8192277460028,147.27773172883784,154.74890735043778,161.40783780243436,167.41650194724062,172.91223008879572,178.00558283757186,182.78263110595358,187.30882783062057,191.6330717764942
3,5505643,"MULTIPOLYGON (((-16.5 16.166666666666686, -16.5 16.25, -16.416666666666686 16.25, -16.416666666666686 16.166666666666686, -16.5 16.166666666666686)))",16.2083333333,-16.4583333333,1883.63,2022-07-01,0.0026225957327075,2022.0,5.835448169938688,6.946517853117888,8.26178730192249,9.737591157047364,11.313210814061021,12.925413759423897,14.519036771830832,16.05242937315767,17.503690279365177,18.89373295290954,20.310214643721746,21.86275383684502,23.587773030587908,25.415287774902758,27.22085752000241,28.892914495750077,30.36595084529916,31.62009524975507,32.66613007117743,33.52999999999987,34.24204865517065,34.831130447891276,35.3221151098668,35.73531266830703,36.086808410382204,36.38912979118376,36.65195770773645,36.88276071534109,37.08731545724041,37.27011492287412,37.434680569106376,37.58379749338822
4,5527255,"MULTIPOLYGON (((-15.5 16.583333333333314, -15.5 16.6666666666668, -15.416666666666686 16.6666666666668, -15.416666666666686 16.583333333333314, -15.5 16.583333333333314)))",16.625,-15.4583333333,223.7,2022-07-01,0.0004470272686633,2022.0,3.509447940536814e-10,6.379699843587051e-08,3.669006391094647e-06,8.61079479155838e-05,0.001005812899198837,0.006859628042616617,0.03160989262976942,0.112219317045235,0.3298037581265841,0.8323587787633986,1.916504922823661,4.007293923481679,7.129419819320025,10.72636046383371,14.16730554751427,17.096388692525245,19.422203096728175,21.195754355078954,22.517399418497526,23.489999999999988,24.201314024338828,24.720339676024132,25.099098210684645,25.375935558490603,25.57877965867535,25.727852229529372,25.837764468556735,25.919076142961657,25.979431872880728,26.024380227848948,26.05796103725632,26.0831257244575
5,5505648,"MULTIPOLYGON (((-16.08333333333337 16.166666666666686, -16.08333333333337 16.25, -16 16.25, -16 16.166666666666686, -16.08333333333337 16.166666666666686)))",16.2083333333,-16.0416666667,6196.900000000001,2022-07-01,0.0,2022.0,1.374744862922059e-239,1.6023627985976015e-152,5.258199064811082e-97,1.3165884995204502e-61,4.9045848892607404e-39,1.2094956538406348e-24,1.8169793086391624e-15,1.2903854957621926e-09,7.030022134161977e-06,0.001981323501217212,0.09229918938881151,1.2529261863832148,8.067614562141522,26.1310365745299,51.01172786503792,74.09017943792409,91.3652558770856,102.90681571106042,110.16937211399437,114.59999999999947,117.26243244407169,118.85226632016568,119.8002814371023,120.36632158383384,120.70522916537188,120.90885668148483,121.03167103459162,121.10603279785043,121.15122961004113,121.17880104083024,121.19567908606037,121.20604496323722
6,5505647,"MULTIPOLYGON (((-16.16666666666663 16.166666666666686, -16.16666666666663 16.25, -16.08333333333337 16.25, -16.08333333333337 16.166666666666686, -16.16666666666663 16.166666666666686)))",16.2083333333,-16.125,8602.560000000001,2022-07-01,0.0,2022.0,3.3218427604439645e-83,1.9304521658754006e-58,5.454465418727637e-41,1.082255213329482e-28,5.0151748488089477e-20,6.413311500746381e-14,1.2896427482017198e-09,1.391048571879873e-06,0.00019620603501641914,0.0074617693719763595,0.11535288847918448,0.8890936417400483,4.477452656089524,14.736645220805594,31.98450607720694,51.13774820101935,67.48430171251344,79.54280720165444,87.81201797693409,93.29999999999963,96.89910436996212,99.25579081580133,100.80412679665059,101.82698460282292,102.50693215473024,102.96177567990465,103.26785818911908,103.47496618686517,103.615798370823,103.71198526132544,103.77793481849685,103.82330607306173
7,5505646,"MULTIPOLYGON (((-16.25 16.166666666666686, -16.25 16.25, -16.16666666666663 16.25, -16.16666666666663 16.166666666666686, -16.25 16.166666666666686)))",16.2083333333,-16.2083333333,8592.73,2022-07-01,1.978416638251173e-05,2022.0,0.9874904531730035,1.276369205136465,1.6345844679773862,2.0767573169473383,2.6226829026115603,3.3005611392832455,4.150238594498631,5.224621266337941,6.587570704014712,8.308108553328978,10.454476969458804,13.099696781529063,16.352507931593404,20.396065043642036,25.484830225826293,32.00768843520727,40.85283283057935,53.08349640381869,68.54966680470508,85.71999999999943,102.87785500539903,118.96316480249665,133.61806375132377,146.90760691441392,159.0680065495351,170.36516571844618,181.0354265496656,191.2691230412243,201.21193132051215,210.9718540503832,220.6268746608138,230.23162903455588
8,5505645,"MULTIPOLYGON (((-16.333333333333314 16.166666666666686, -16.333333333333314 16.25, -16.25 16.25, -16.25 16.166666666666686, -16.333333333333314 16.166666666666686)))",16.2083333333,-16.2916666667,8602.2,2022-07-01,0.0006091464974076,2022.0,0.11399722515743417,0.17193039463521803,0.2554946764628469,0.37578132059953606,0.5502042219293933,0.8063300025778812,1.1858870789830782,1.7472051778706847,2.5646963989637968,3.725864281960578,5.328892720621586,7.4851099313482665,10.328521128504926,14.029334540398526,18.80429993683333,24.94073164221021,33.001713375154424,44.35065678706838,61.13563673323327,84.92999999999954,115.44390193640734,150.7815462041575,188.64554202275366,227.2800696707022,265.7546639245391,303.82039360166436,341.6455928229501,379.59368386855255,418.0827014004562,457.51211255786177,498.23168339789646,540.5324086580979
9,5522926,"MULTIPOLYGON (((-16.25 16.5, -16.25 16.583333333333314, -16.16666666666663 16.583333333333314, -16.16666666666663 16.5, -16.25 16.5)))",16.5416666667,-16.2083333333,1952.78,2022-07-01,0.0003431006052909,2022.0,0.1565673158993217,0.23365768175619805,0.34196490168747684,0.49128744948910846,0.6936085629102313,0.9637427307572304,1.3210447459633348,1.7932764130662588,2.4232939748570685,3.2776741242152645,4.456721574587753,6.114387277355746,8.511005863113628,12.137531744818592,17.895012418365166,27.1615770637111,41.78558707085738,63.148347365148574,90.31510201610789,120.24999999999997,149.84679986445832,177.2180227386651,201.70887013176326,223.41081867694976,242.72919656663555,260.13532912655296,276.0584458281282,290.8527200758581,304.7970061419943,318.10573819408,330.94172422330473,343.4275103314218
10,5522925,"MULTIPOLYGON (((-16.333333333333314 16.5, -16.333333333333314 16.583333333333314, -16.25 16.583333333333314, -16.25 16.5, -16.333333333333314 16.5)))",16.5416666667,-16.2916666667,865.6700000000001,2022-07-01,0.0007970704772026,2022.0,0.9784284385369006,1.2463677982129027,1.576626232335546,1.9733983664343027,2.437614519825223,2.9667854001188236,3.5553427902175,4.195376957912181,4.877645387040859,5.592835589728083,6.333271097776295,7.095340928248473,7.882603846063655,8.708748655694974,9.598905626161413,10.587914448871874,11.715242583290513,13.01771195899837,14.522144766314113,16.23999999999998,18.165211695770267,20.27530931416316,22.535016473114727,24.901125676903902,27.327497912588246,29.76935635472892,32.18644016494382,34.54492558820109,36.818249945577605,38.9870879173494,41.03875538875486,42.9662879547635
11,5522930,"MULTIPOLYGON (((-15.916666666666686 16.5, -15.916666666666686 16.583333333333314, -15.833333333333314 16.583333333333314, -15.833333333333314 16.5, -15.916666666666686 16.5)))",16.5416666667,-15.875,948.7,2022-07-01,0.0012754295351533,2022.0,0.766478241539792,0.9596188278040574,1.1892560917200548,1.4549052178592286,1.7546096758887157,2.085473609229979,2.444256684447807,2.8279288570067043,3.2341676551047396,3.6619328174431507,4.1124432553175065,4.590928057626284,5.109158542822179,5.687988420128781,6.358454107660529,7.161696304421414,8.180023420334814,9.679962227944092,12.094032454628133,15.559999999999986,19.727462999507633,24.094245700682677,28.31747877537082,32.26251214933882,35.922969371451536,39.34118683347089,42.5647593787151,45.63094208797614,48.564796059777954,51.382067859087556,54.092679473782944,56.70343776090541
12,5522927,"MULTIPOLYGON (((-16.16666666666663 16.5, -16.16666666666663 16.583333333333314, -16.08333333333337 16.583333333333314, -16.08333333333337 16.5, -16.16666666666663 16.5)))",16.5416666667,-16.125,4323.02,2022-07-01,0.0003793644257949,2022.0,0.023274824185581355,0.07302903726081027,0.19540292094767225,0.4558570242062189,0.9451378928646916,1.7710458026313123,3.048539975550419,4.910561297189025,7.5590817089497415,11.312872839479752,16.55949429895574,23.6468376785944,33.04877395318285,46.26981148249762,66.68572645098334,97.32061045441205,137.28228869575162,181.99026902994933,226.1562079313173,265.98999999999984,299.69621580005384,327.0069597680444,348.5162702812756,365.1632265886388,377.9252007240505,387.67266638476684,395.12128589513,400.8330266871328,405.2372856020204,408.6569796146578,411.3328968070231,413.4439749346038
13,5522934,"MULTIPOLYGON (((-15.583333333333371 16.5, -15.583333333333371 16.583333333333314, -15.5 16.583333333333314, -15.5 16.5, -15.583333333333371 16.5)))",16.5416666667,-15.5416666667,2145.3,2022-07-01,0.001389083111919,2022.0,0.6057194210008997,0.767491324200159,0.9618263059856904,1.1940265229034877,1.4720252397261884,1.8087990965285454,2.2253714343529474,2.753686537024096,3.4385185499842517,4.3377162562506335,5.521441000553492,7.07612857673056,9.121392167613417,11.829974028454014,15.436421401142795,20.29115647651006,26.917691382609636,35.769698255214315,46.78447721497711,59.27999999999992,72.28787722774871,84.94639066349352,96.69346276398541,107.26693642566578,116.61870941284103,124.82227814172496,132.00494190900164,138.30725984995576,143.86250359842884,148.78823959676842,153.18435154685648,157.1340533616411
14,5522933,"MULTIPOLYGON (((-15.666666666666629 16.5, -15.666666666666629 16.583333333333314, -15.583333333333371 16.583333333333314, -15.583333333333371 16.5, -15.666666666666629 16.5)))",16.5416666667,-15.625,1342.94,2022-07-01,0.0008265447451114,2022.0,0.024347682389333335,0.03633595549976545,0.053178741474042696,0.07639979499299626,0.10786263271733153,0.14987126528311437,0.20543830924545123,0.27890452540308003,0.37707471931949044,0.510880645807398,0.6973905696244255,0.9619211060525221,1.340553153521962,1.885837797281281,2.680031708457615,3.8509965944427105,5.605740086541321,8.364360468714015,12.68806038865897,18.699999999999964,25.86579572268171,33.434387522715085,40.84939942100563,47.832457958970565,54.296387925092326,60.24786074678885,65.72796285441001,70.78492946853687,75.46435358275228,79.80687503972467,83.84841380537253,87.62094952858949
15,5518605,"MULTIPOLYGON (((-16.333333333333314 16.41666666666663, -16.333333333333314 16.5, -16.25 16.5, -16.25 16.41666666666663, -16.333333333333314 16.41666666666663)))",16.4583333333,-16.2916666667,5119.12,2022-07-01,0.0014260263482786,2022.0,0.3930149593035994,0.7917221510904426,1.4678975728703456,2.555648266568136,4.256504858379837,6.849194223796415,10.635764622396431,15.84827359492187,22.601700641895683,30.92936343976554,40.889751599195115,52.73304424894884,66.85342585631314,83.31587278688637,101.47767116842104,120.17713926448792,138.22645548447642,154.76681541842382,169.3563521443732,181.88999999999947,192.4734342641914,201.3163037251825,208.66176083408763,214.7472420241749,219.7862172777028,223.9621097017028,227.42847911425642,230.3119865496029,232.7162693612779,234.72581208953767,236.40942188510974,237.82318536954816
16,5522931,"MULTIPOLYGON (((-15.833333333333314 16.5, -15.833333333333314 16.583333333333314, -15.75 16.583333333333314, -15.75 16.5, -15.833333333333314 16.5)))",16.5416666667,-15.7916666667,236.44,2022-07-01,0.0001691761123329,2022.0,5.280525877365722e-05,0.0005964544679153519,0.0033059718568200246,0.011497953706916853,0.031966714416784746,0.08219794270208675,0.19653901999647153,0.37559388566200536,0.5584868314718727,0.7009893197211017,0.7977208375371243,0.8594415253543514,0.8979236065131272,0.9218167186171405,0.9367221672780333,0.9461016573097751,0.9520636567966883,0.9558923659275269,0.9583752620141258,0.9599999999999937,0.96107189838581,0.9617842479246416,0.9622607283387139,0.9625812685423579,0.9627979953123333,0.9629451845595288,0.963045541108872,0.9631142041181274,0.9631613272564689,0.9631937559007911,0.9632161263511039,0.9632315915906904
17,5501324,"MULTIPOLYGON (((-16.416666666666686 16.083333333333428, -16.416666666666686 16.166666666666686, -16.333333333333314 16.166666666666686, -16.333333333333314 16.083333333333428, -16.416666666666686 16.083333333333428)))",16.125,-16.375,8602.560000000001,2022-07-01,0.0001464680281218,2022.0,1.9257315871123895,2.7104500397855356,3.9020651590974156,5.747828003995043,8.567138338703359,12.678759625840025,18.293314335777158,25.421715231438636,33.8520747439221,43.206528564757484,53.041886616665494,62.944767071110185,72.59113843908753,81.76637473010759,90.37402274336863,98.69385904197647,108.22312411501548,121.15392689459905,137.7632274950142,155.93999999999917,173.2035636797145,188.13829072833317,200.44454431637445,210.44298102333022,218.649756244605,225.5562856955581,231.55358625688183,236.92647402468148,241.87232225251424,246.52375845083913,250.9680167987907,255.26145559300585
18,5518609,"MULTIPOLYGON (((-16 16.41666666666663, -16 16.5, -15.916666666666686 16.5, -15.916666666666686 16.41666666666663, -16 16.41666666666663)))",16.4583333333,-15.9583333333,7911.29,2022-07-01,0.0031865852471594,2022.0,6.188520694294339,7.939606335430402,10.184495907532435,13.124578106883165,17.04425399952436,22.312745625529605,29.3693146168499,38.690714999130854,50.75457246579433,66.05304821378792,85.21738511066836,109.15474330684387,138.92753230534495,175.2944515377393,218.28400355317632,268.1153201752106,328.77850181842535,406.5502243778338,500.4110313620336,600.5099999999995,696.039811235673,780.7402255106655,853.0125902955647,913.9144531772513,965.4365987895883,1009.5862382400986,1048.0459850032598,1082.1178557694523,1112.7739581962323,1140.7309057491905,1166.517112718511,1190.5251964195566
19,5501323,"MULTIPOLYGON (((-16.5 16.083333333333428, -16.5 16.166666666666686, -16.416666666666686 16.166666666666686, -16.416666666666686 16.083333333333428, -16.5 16.083333333333428)))",16.125,-16.4583333333,3556.02,2022-07-01,0.0008183306055646,2022.0,9.91629909158304,10.582324092393844,11.356051825817937,12.26429336166631,13.328568309585746,14.571396749518582,16.035573115039053,17.800883989657773,19.982330584394045,22.747020326659204,26.339889160092362,30.9867348300276,36.851879876264704,44.15768357632014,52.81636730009431,62.06019572493716,70.86823407588524,78.539336855222,84.83471304226492,89.82999999999996,93.73530763818543,96.78223737883185,99.17418936248275,101.07296816173998,102.60118962625462,103.84963470773867,104.88490988786958,105.75586016955093,106.49847771587767,107.13950028800245,107.69899397226553,108.19219003190629
20,5522936,"MULTIPOLYGON (((-15.416666666666686 16.5, -15.416666666666686 16.583333333333314, -15.333333333333258 16.583333333333314, -15.333333333333258 16.5, -15.416666666666686 16.5)))",16.5416666667,-15.375,2194.49,2022-07-01,0.0007655537277453,2022.0,1.8965806628259522e-28,8.339740602464182e-20,1.0277782166442852e-13,2.0136138178881575e-09,2.1308440163820614e-06,0.00028840770013084194,0.009237374483359033,0.11356817801869055,0.7969820418744716,4.261020872177847,17.534509693165027,44.98910920682815,77.59005921397379,105.53357420585739,125.91028347271089,139.71921650979314,148.79976219586845,154.713264027555,158.56331979177577,161.07999999999984,162.73458997759803,163.82926941623353,164.55804132170647,165.04608073447304,165.3746854994842,165.5970312264922,165.74814441243169,165.8512516929707,165.92185108437826,165.97034268176202,166.00374165088206,166.02680193802507
21,5518608,"MULTIPOLYGON (((-16.08333333333337 16.41666666666663, -16.08333333333337 16.5, -16 16.5, -16 16.41666666666663, -16.08333333333337 16.41666666666663)))",16.4583333333,-16.0416666667,7465.620000000001,2022-07-01,0.0005545420206225,2022.0,1.52849461838161,1.9788943265317271,2.5392373477980694,3.2316609017933158,4.082265151440769,5.121909012093944,6.387201309843069,7.921801568761864,9.778484219349892,12.023328338167373,14.74471187540983,18.069999012916984,22.18962035526969,27.381608866012424,34.02530498619995,42.63197901287813,54.15533542142907,70.79909860764276,95.9848664839082,132.22999999999954,179.138214693211,233.7987338167286,292.66158412530814,353.00727531267273,413.3904555459261,473.4180500172531,533.3398532365337,593.7044837678513,655.1422906678029,718.2527554885759,783.5570841845813,851.4849021989377
22,5522935,"MULTIPOLYGON (((-15.5 16.5, -15.5 16.583333333333314, -15.416666666666686 16.583333333333314, -15.416666666666686 16.5, -15.5 16.5)))",16.5416666667,-15.4583333333,5720.01,2022-07-01,0.0002342653247109,2022.0,0.15121603383407337,0.22567154394346295,0.33027695373236987,0.4744958390634536,0.6699019338925604,0.9308047459882832,1.2759147184901976,1.7321909935993332,2.3418961439266375,3.1729237890909494,4.331264109327169,5.9736609346207965,8.317516536735933,11.643190751876656,16.28377361478165,22.64510202352197,31.73551177147574,46.99332717582393,74.1822904403702,116.13999999999972,169.6003975109259,228.06255917330566,285.7473620658771,339.2291801855341,387.2009238041441,429.6600918335602,467.2059567912451,500.609659129685,530.6054441011039,557.814576329437,582.7348271210795,605.7561405330702
23,5518607,"MULTIPOLYGON (((-16.16666666666663 16.41666666666663, -16.16666666666663 16.5, -16.08333333333337 16.5, -16.08333333333337 16.41666666666663, -16.16666666666663 16.41666666666663)))",16.4583333333,-16.125,8611.84,2022-07-01,0.0013307260701545,2022.0,2.7289618928156125,3.52728769254292,4.5172271887443465,5.739186197056207,7.247869258045455,9.121207749472038,11.46931895187362,14.438409997374169,18.20494019502082,22.95896472468475,28.880415120287733,36.11601416311437,44.77333352849105,54.98131962423877,67.11072233153399,82.44782468979363,104.49638705767903,137.75144066180246,183.1218663438117,236.88999999999987,293.9277642039836,350.31986646333706,403.89652883762307,453.7750273747409,499.8205002419681,542.2828676026043,581.5880908149536,618.2218853261393,652.6647794075996,685.3568834596743,716.6809077208901,746.956604063507
24,5518606,"MULTIPOLYGON (((-16.25 16.41666666666663, -16.25 16.5, -16.16666666666663 16.5, -16.16666666666663 16.41666666666663, -16.25 16.41666666666663)))",16.4583333333,-16.2083333333,8602.560000000001,2022-07-01,0.0001336811367778,2022.0,1.7937573933164938e-15,1.198087563592933e-11,1.1407415830327523e-08,2.382320365629318e-06,0.0001526415458783124,0.003897524161364978,0.0488329563895965,0.3619523375474292,1.88128930696827,7.464568587945003,23.524409455304884,65.19650120764383,164.11926091920003,341.76371994031325,564.1193200976355,776.0338157407668,948.5777639969832,1078.5462970543936,1173.2782465754633,1241.6499999999999,1291.0502222763614,1326.9485168851636,1353.2253534970564,1372.600642922796,1386.9836273258904,1397.7244147036813,1405.786844559215,1411.8657584762802,1416.466688989031,1419.9604731194206,1422.6211076881002,1424.652306111221
25,5501327,"MULTIPOLYGON (((-16.16666666666663 16.083333333333428, -16.16666666666663 16.166666666666686, -16.08333333333337 16.166666666666686, -16.08333333333337 16.083333333333428, -16.16666666666663 16.083333333333428)))",16.125,-16.125,2231.1600000000003,2022-07-01,0.0,2022.0,0.007304304450222119,0.01090077959164604,0.0159535040347305,0.022918597367401757,0.03234795712462343,0.04489597219508524,0.06132406331264108,0.08250657902922387,0.10945668022782556,0.14343035877647717,0.18622449804786118,0.24081506508232142,0.31255957450679905,0.41174546759185443,0.5586169486899537,0.7908080979955744,1.1887326153362041,1.9525083204864628,3.3811419626980217,5.6099999999998715,8.459807642862108,11.58490491735533,14.674596822579566,17.538643887034024,20.098331887702894,22.346538266241048,24.311717552815704,26.034795961837773,27.55709519108497,28.915217596224245,30.139627571258227,31.254911430810655
26,5518613,"MULTIPOLYGON (((-15.666666666666629 16.41666666666663, -15.666666666666629 16.5, -15.583333333333371 16.5, -15.583333333333371 16.41666666666663, -15.666666666666629 16.41666666666663)))",16.4583333333,-15.625,2349.42,2022-07-01,7.661465382945578e-05,2022.0,0.5479981867230437,0.6554948927144473,0.7881300964320838,0.9505325768811974,1.1459384731030218,1.3755738958812829,1.6384302595232683,1.9314481008079494,2.2500594380813497,2.5890974834994576,2.9442422370704957,3.314236958942735,3.703800524825757,4.126452559034169,4.606004709045098,5.1799168609211685,5.93653940915878,7.171233057971932,9.741746070625226,14.979999999999771,23.36018485612908,33.76174948632129,44.43568061383286,54.102406367946124,62.22844088751245,68.79994417452542,74.03806737242661,78.21815000957976,81.58820134428908,84.34489121332898,86.63498119175648,88.56499773954896
27,5501326,"MULTIPOLYGON (((-16.25 16.083333333333428, -16.25 16.166666666666686, -16.16666666666663 16.166666666666686, -16.16666666666663 16.083333333333428, -16.25 16.083333333333428)))",16.125,-16.2083333333,6238.320000000001,2022-07-01,0.0,2022.0,4.276648065152842e-10,1.1323449249006311e-08,1.8995852723751727e-07,2.1515462513025587e-06,1.7378647981840862e-05,0.00010493164149849593,0.0004932023864673997,0.0018686406383966704,0.005881812400117567,0.015805196785269832,0.03730111238551622,0.0799378544023223,0.16117270045964258,0.3159670188594963,0.6144457922963358,1.1860387856581296,2.240122496477232,3.964193176876362,6.313192607317455,8.999999999999464,11.688171234461162,14.141696630508157,16.252771048948762,18.005619625319117,19.43270299043482,20.58415196953481,21.511263594290863,22.25939000871184,22.86590967015814,23.360528125676854,23.766428990956054,24.10157656538192
28,5518612,"MULTIPOLYGON (((-15.75 16.41666666666663, -15.75 16.5, -15.666666666666629 16.5, -15.666666666666629 16.41666666666663, -15.75 16.41666666666663)))",16.4583333333,-15.7083333333,2464.9700000000003,2022-07-01,0.0028479048426552,2022.0,4.37453578753326e-09,1.1582630420706457e-07,1.9430646686096497e-06,2.2007927543880557e-05,0.00017776425924537358,0.001073334101816899,0.005044912410910159,0.01911411746342305,0.060164405506094934,0.1616696017835583,0.3815489340234246,0.8176754306975794,1.6486176449239502,3.231991528467434,6.28509773764488,12.131858956410413,22.913964113967324,40.5492915403621,64.57694571440871,92.05999999999983,119.55700487161742,144.65384353385068,166.24778919625666,184.17748252299702,198.77495969994806,210.55300336838707,220.03632516561453,227.68882713357002,233.8928493594311,238.9522465833261,243.10416143417115,246.5323487343542
29,5501325,"MULTIPOLYGON (((-16.333333333333314 16.083333333333428, -16.333333333333314 16.166666666666686, -16.25 16.166666666666686, -16.25 16.083333333333428, -16.333333333333314 16.083333333333428)))",16.125,-16.2916666667,8611.84,2022-07-01,3.715814506539834e-05,2022.0,0.07369405471851619,0.1099794161114408,0.16095811588782621,0.23124215917740895,0.3264718890704276,0.45362027909218827,0.6217973604098729,0.8440701537978782,1.1406047248426694,1.5425733208578354,2.0951180692806695,2.8573683881035548,3.9005461469210667,5.31722322671069,7.283100535312241,10.230751030372192,15.100947576033253,23.573190169935287,37.41784093370387,56.59999999999974,78.87817537172398,101.46915690279049,122.44816117645554,140.98512829073277,156.99245930842082,170.73972331359946,182.609848725526,192.98074857344153,202.18029308174704,210.4763185306012,218.08081935229802,225.15857604726503
30,5518611,"MULTIPOLYGON (((-15.833333333333314 16.41666666666663, -15.833333333333314 16.5, -15.75 16.5, -15.75 16.41666666666663, -15.833333333333314 16.41666666666663)))",16.4583333333,-15.7916666667,2687.35,2022-07-01,0.0015442722384505,2022.0,0.10846575143342212,0.17311024740838535,0.27934107513367884,0.45296562381458616,0.730805760711559,1.1669997379684314,1.8499026925613207,2.939143446509606,4.71576685410212,7.53159787572837,11.59048830456746,16.77801623825203,22.727940583196116,29.038018348321337,35.483607176579,42.14663311418796,49.389426176681845,57.65679689562472,67.22483480629097,78.05999999999986,89.84752438735741,102.12662016920392,114.43596706584074,126.40997516679599,137.81493418057525,148.54168927793526,158.57706319033107,167.97069909399252,176.80629221392755,185.18034397883932,193.18830439838774,200.91662442600781
31,5518610,"MULTIPOLYGON (((-15.916666666666686 16.41666666666663, -15.916666666666686 16.5, -15.833333333333314 16.5, -15.833333333333314 16.41666666666663, -15.916666666666686 16.41666666666663)))",16.4583333333,-15.875,7730.150000000001,2022-07-01,0.0002354417443387,2022.0,0.06154322378452176,0.19310317221190915,0.5166838467240367,1.2053758443398719,2.4991309272323328,4.682995301822233,8.061014990216226,12.986559450232505,20.015271072317805,30.12075927868924,44.78412140255549,65.9134517952008,95.96211558355657,138.00606884205166,194.74323470029037,270.16484184312014,369.429495974343,485.7332632671902,601.5499566587716,703.3299999999999,786.464342389373,852.0082297492132,903.0028118532543,942.601360792652,973.4500899166891,997.6083701098241,1016.6364944226252,1031.709180491892,1043.7129859492538,1053.320900345702,1061.0472945320478,1067.2879946346445
32,5518614,"MULTIPOLYGON (((-15.583333333333371 16.41666666666663, -15.583333333333371 16.5, -15.5 16.5, -15.5 16.41666666666663, -15.583333333333371 16.41666666666663)))",16.4583333333,-15.5416666667,784.25,2022-07-01,0.0,2022.0,0.0001807908960868527,0.0003560396302179072,0.0006783688281491925,0.0012525044433931824,0.0022444240935306494,0.003909142560410899,0.0066274772802274624,0.010956002611117288,0.017705954048825537,0.02809790672649282,0.044084695323678834,0.06895826258565095,0.10841809122895349,0.1727289819091532,0.28087614236367847,0.46618113342496603,0.7870929089493569,1.365336791501252,2.481176993034907,4.539999999999961,7.6711873514801106,11.513033469767448,15.514180441117151,19.271903129656494,22.617897480921034,25.549016649589344,28.13910350968208,30.482025365003967,32.66506033823895,34.760165756108584,36.823407908904485,38.89725964779138
33,5497004,"MULTIPOLYGON (((-16.416666666666686 16, -16.416666666666686 16.083333333333428, -16.333333333333314 16.083333333333428, -16.333333333333314 16, -16.416666666666686 16)))",16.0416666667,-16.375,8545.140000000001,2022-07-01,0.000218837842329,2022.0,0.25208357057235575,0.49586829364222484,0.8919574941166174,1.500465416557649,2.418553389764486,3.804260450162025,5.872932030591442,8.849800920717426,12.888896683478716,18.002665758658104,24.08940208321712,31.10418259667117,39.13917247610501,48.25232202034206,58.79999823455689,71.64207461258184,86.19292021880644,100.29297671821972,112.24968178015799,121.58999999999935,128.59700978112204,133.7809005098665,137.62008704109596,140.48800068724967,142.6558461099267,144.31536197504883,145.6013987999147,146.60933576618706,147.40738152444854,148.04497038313727,148.55843583814743,148.97485210508228
34,5514288,"MULTIPOLYGON (((-16.08333333333337 16.33333333333337, -16.08333333333337 16.41666666666663, -16 16.41666666666663, -16 16.33333333333337, -16.08333333333337 16.33333333333337)))",16.375,-16.0416666667,8602.08,2022-07-01,2.3250190651563343e-05,2022.0,0.24067556364446424,0.35959299370769915,0.5282918266936806,0.7666420432981486,1.1057986939406759,1.595876257553813,2.3177529639866963,3.4075398693313694,5.100220832908712,7.76020259534628,11.837501940402145,17.748792827354773,25.770734256051753,36.02581487017433,48.55581647400419,63.46898413998711,81.47084753373387,105.05354725693194,138.4745870023205,184.78999999999957,243.03345505005186,308.759101551332,376.6500144964166,442.5642358445357,504.1513789912966,560.5428216286468,611.7824629775855,658.3505505696895,700.8658558088229,739.9341804140352,776.0877709217973,809.7718267753307
35,5497003,"MULTIPOLYGON (((-16.5 16, -16.5 16.083333333333428, -16.416666666666686 16.083333333333428, -16.416666666666686 16, -16.5 16)))",16.0416666667,-16.4583333333,7575.04,2022-07-01,0.0004726047651233,2022.0,2.015918955089468e-239,8.91467600243744e-138,3.931279826834325e-79,2.68797855590655e-45,8.921959183911025e-26,1.6334932579564028e-14,5.141725305072563e-08,0.0002904512920035802,0.04790682663998141,1.1453887593077434,8.007074243239114,26.724051978624534,59.3063139407819,99.34870300945809,134.08041754528497,157.40610961787974,170.9500129046482,178.26666470725934,182.09331538652557,184.06999999999974,185.08838111713789,185.6141647226966,185.88683872184873,186.02904530536216,186.10366804488675,186.14307673070707,186.16402228289866,186.17522507916104,186.18125364387578,186.184516856381,186.18629305868646,186.18726494090694
36,5514287,"MULTIPOLYGON (((-16.16666666666663 16.33333333333337, -16.16666666666663 16.41666666666663, -16.08333333333337 16.41666666666663, -16.08333333333337 16.33333333333337, -16.16666666666663 16.33333333333337)))",16.375,-16.125,8602.52,2022-07-01,0.0026782849676606,2022.0,3.144374084412824,4.063589854398803,5.200921736739019,6.595819706603473,8.292530982025692,10.34121595759843,12.80147642369542,15.750794091596656,19.299395904871886,23.609553710581032,28.918055888071734,35.58039989130963,44.16688722956525,55.56066194490464,70.99155117848277,92.26974765449337,122.02935027922173,162.5895727322287,213.8812788806666,272.9599999999996,335.5310065115897,397.75525417622185,457.13749206541013,512.5294517584138,563.7377837545332,611.1023249443008,655.1880756286236,696.6024916643748,735.9044933681413,773.568893506315,809.9800364206906,845.4387928283058
37,5514286,"MULTIPOLYGON (((-16.25 16.33333333333337, -16.25 16.41666666666663, -16.16666666666663 16.41666666666663, -16.16666666666663 16.33333333333337, -16.25 16.33333333333337)))",16.375,-16.2083333333,8593.29,2022-07-01,0.0001000780841796,2022.0,0.00019715011048571272,0.0013658396450009955,0.007226257209580911,0.030315175088135648,0.1042038853276626,0.30278192245771524,0.7704573426368594,1.786127725717233,3.8870324488772257,8.026177476742127,15.794373892810272,29.721160288711825,52.8359602142399,86.98576185176907,132.2066650005436,188.90723575761362,257.2816930104485,333.1839918255642,408.98017249023843,478.08999999999924,537.2707429797028,586.0999078985419,625.6431722752922,657.4488385453573,683.0328562537895,703.6882369713002,720.4528343668624,734.1378592518971,745.371605533029,754.6407669248662,762.3242454389226,768.7192038739402
38,5514285,"MULTIPOLYGON (((-16.333333333333314 16.33333333333337, -16.333333333333314 16.41666666666663, -16.25 16.41666666666663, -16.25 16.33333333333337, -16.333333333333314 16.33333333333337)))",16.375,-16.2916666667,8171.52,2022-07-01,0.0008395010964912,2022.0,0.597648908674039,1.1756255897223455,2.1151432504538996,3.5721829721557885,5.904868137335599,9.993574257225987,17.378569117961323,30.002588168534277,49.849376841020295,77.53154208303738,110.69841158350872,145.13706474977388,177.1829867937789,204.86589461068866,227.6975702305561,246.0361426455769,260.57230268292153,272.0406491717773,281.0945786357963,288.27000000000004,293.98880515475525,298.576347366265,302.2812684204593,305.2931916217546,307.75706146511345,309.78422874469095,311.4608113002644,312.85392261872835,314.0162889434818,314.9896708709406,315.8074062967784,316.49630991218737
39,5514292,"MULTIPOLYGON (((-15.75 16.33333333333337, -15.75 16.41666666666663, -15.666666666666629 16.41666666666663, -15.666666666666629 16.33333333333337, -15.75 16.33333333333337)))",16.375,-15.7083333333,1758.0,2022-07-01,0.0035153583617747,2022.0,5.265409273707209,5.885596184435274,6.524364494633272,7.173133348745092,7.824203695502261,8.471057502143559,9.108479733698712,9.732541562881613,10.340488850980583,10.93057651123858,11.50188132984553,12.054116480985225,12.58746235387198,13.102421367412152,13.59969941507262,14.080113285464739,14.544521495311837,14.993775071967956,15.428684596448148,15.849999999999957,16.2584000057337,16.654488592848868,17.03879635446196,17.411785075918864,17.773854257290818,18.125348634872836,18.466566023922876,18.797765015063234,19.119172218002596,19.430988867078923,19.733396691530096,20.026563016343953
40,5497006,"MULTIPOLYGON (((-16.25 16, -16.25 16.083333333333428, -16.16666666666663 16.083333333333428, -16.16666666666663 16, -16.25 16)))",16.0416666667,-16.2083333333,150.92000000000002,2022-07-01,0.0,2022.0,2.175643967845337e-09,6.85143872745709e-09,2.0402271553004058e-08,5.760538084613923e-08,1.5461889309172618e-07,3.955025324934226e-07,9.663692630979384e-07,2.2605507659963335e-06,5.073242344471527e-06,1.0945485183858982e-05,2.274563070983336e-05,4.5611667131099876e-05,8.842877214051537e-05,0.0001661890162288702,0.0003045364678220078,0.0005525118061291923,0.0010309658945748062,0.0021318344311746645,0.005606660867475754,0.0199999999999991,0.06923012276268076,0.18521788952322166,0.38447820394122656,0.6571724316357194,0.9768443052314223,1.315974962190813,1.655166751850672,1.984579825885076,2.301371380549605,2.606510409760913,2.902464333808792,3.191954405148818
41,5514291,"MULTIPOLYGON (((-15.833333333333314 16.33333333333337, -15.833333333333314 16.41666666666663, -15.75 16.41666666666663, -15.75 16.33333333333337, -15.833333333333314 16.33333333333337)))",16.375,-15.7916666667,3360.76,2022-07-01,0.0025232387912257,2022.0,0.018198796699564364,0.05710206838215538,0.15278731903624077,0.356438353894003,0.7389863459485176,1.3841440914878336,2.3755428199642092,3.781545573661177,5.649449961138246,8.608970702820436,19.02418716413936,50.37651170493107,97.48132979072236,138.73330836552296,166.0977643356321,182.59204497050052,192.67442053402237,199.32420593606452,204.15678022029192,207.9799999999997,211.18588815372152,213.96492528781428,216.41312826628993,218.58332410267178,220.50902461740947,222.21522649387208,223.72309660788693,225.05186374290912,226.2194812213113,227.24278584743675,228.13748048161693,228.91808045144955
42,5497005,"MULTIPOLYGON (((-16.333333333333314 16, -16.333333333333314 16.083333333333428, -16.25 16.083333333333428, -16.25 16, -16.333333333333314 16)))",16.0416666667,-16.2916666667,5624.900000000001,2022-07-01,0.0,2022.0,0.06280920847387386,0.09373510659404742,0.13718409030523115,0.19708695777872423,0.27825098407936244,0.38661977739344616,0.5299649218182126,0.7194841874569303,0.9727317893033283,1.3179081472592997,1.7990439079678884,2.481447887651808,3.458222836565875,4.866489647487863,6.943943063235138,10.167058479722593,15.339381776950601,23.302080849099447,34.39541097285003,48.23999999999995,63.98225877473979,80.67764536464216,97.54138113235616,114.02748142932816,129.80630671622097,144.70850807308958,158.6708009028603,171.6949306532944,183.82000771710995,195.104985061867,205.6179306544116,215.4295716403339
43,5514290,"MULTIPOLYGON (((-15.916666666666686 16.33333333333337, -15.916666666666686 16.41666666666663, -15.833333333333314 16.41666666666663, -15.833333333333314 16.33333333333337, -15.916666666666686 16.33333333333337)))",16.375,-15.875,7818.43,2022-07-01,3.70918458053599e-05,2022.0,0.10058066655486596,0.15010441509929787,0.21968223416415955,0.3156087787812268,0.4455822661718626,0.6191206012363928,0.8486689512947087,1.1521590688442707,1.5577017148358574,2.1104561437765432,2.880931631202497,3.9737115209923575,5.537846583399529,7.790426194651254,11.071253982799465,15.90852871233681,23.157402229161264,34.55330728385858,52.41458101732096,77.24999999999956,106.85201708968745,138.11799123688402,168.74952434613232,197.59665119414248,224.29924958360255,248.88487928820444,271.523269010864,292.4136792216286,311.7444553084275,329.68348111329993,346.3791425917115,361.96354818628413
44,5514289,"MULTIPOLYGON (((-16 16.33333333333337, -16 16.41666666666663, -15.916666666666686 16.41666666666663, -15.916666666666686 16.33333333333337, -16 16.33333333333337)))",16.375,-15.9583333333,8593.29,2022-07-01,5.1202740743068136e-05,2022.0,2.2727753277555456,2.9688085807307782,3.874764858416187,5.067097541196661,6.6440785144647805,8.719220096088446,11.409046581741773,14.818566148087305,19.028706124110652,24.089449266150165,30.02487378700594,36.87021017712919,44.76504344894298,54.05665603862917,65.277194258486,78.95389414556337,95.79854368922055,118.47189877221335,151.51670522353126,195.8099999999994,246.33691052526632,296.5224931756729,342.13876787913017,381.84478184371113,416.07951130519325,445.9643525089728,472.6804559432393,497.2215698776446,520.342667388618,542.5859403451107,564.3267140430992,585.8169001614698
45,5509964,"MULTIPOLYGON (((-16.416666666666686 16.25, -16.416666666666686 16.33333333333337, -16.333333333333314 16.33333333333337, -16.333333333333314 16.25, -16.416666666666686 16.25)))",16.2916666667,-16.375,2938.4700000000003,2022-07-01,0.0001531409202748,2022.0,0.8139876264946794,1.054056650768191,1.371961586786836,1.7774441945067712,2.2679544729191585,2.8292893767879006,3.4406087902951668,4.080647778437896,4.732731908138076,5.387726207449632,6.044944296499087,6.7112847652899505,7.398942533732698,8.122230432732339,8.894246308856347,9.724136128653159,10.615472849191043,11.565901944971307,12.56786344526785,13.61,14.678822483099722,15.760284336088835,16.84104730199862,17.909350259245883,18.955489741980585,19.971977555692757,20.95346326732959,21.89650814621511,22.799283125685132,23.661244728883045,24.48282476451683,25.26515449610692
46,5492684,"MULTIPOLYGON (((-16.416666666666686 15.916666666666742, -16.416666666666686 16, -16.333333333333314 16, -16.333333333333314 15.916666666666742, -16.416666666666686 15.916666666666742)))",15.9583333333,-16.375,1657.0700000000002,2022-07-01,3.6208488476648544e-05,2022.0,3.098593030512281e-10,5.632821402978722e-08,3.239471785459936e-06,7.602693697922298e-05,0.0008877869255798519,0.006028702364183484,0.0364017838282551,0.5084358095157127,3.0567690693233556,7.015772028788624,10.191555467065557,12.180458405249398,13.460992403560267,14.541086660548816,15.710134192208232,16.975269507451323,18.197139889304133,19.253887433112574,20.098285856481173,20.73999999999998,21.213810521561186,21.558625894892515,21.80826514111366,21.989094719409145,22.120590476530758,22.216755924968236,22.28754000671293,22.33998831530764,22.379100320628385,22.408441608209237,22.430572446117786,22.44734530807188
47,5509968,"MULTIPOLYGON (((-16.08333333333337 16.25, -16.08333333333337 16.33333333333337, -16 16.33333333333337, -16 16.25, -16.08333333333337 16.25)))",16.2916666667,-16.0416666667,8611.84,2022-07-01,0.0002043697978596,2022.0,1.2014083755253981,1.5413556755411841,1.9771851720578273,2.5483671264550067,3.3138762682680696,4.365519687615432,5.851825263831162,7.990525891109267,11.033288832405274,15.184595665733276,20.52873284421937,27.02459319549356,34.58695820629944,43.19922459771135,52.94764327209648,63.92688811369981,76.09725181659898,89.21335038053057,102.86450838001369,116.57999999999974,129.9319527813519,142.59760516414389,154.37697163604844,165.1800475207767,175.00026735512466,183.88617936199773,191.91749133017473,199.18742922025083,205.79106241711807,211.81835255540275,217.35055737010455,222.45882818857933
48,5492683,"MULTIPOLYGON (((-16.5 15.916666666666742, -16.5 16, -16.416666666666686 16, -16.416666666666686 15.916666666666742, -16.5 15.916666666666742)))",15.9583333333,-16.4583333333,7810.54,2022-07-01,0.0005851067915918,2022.0,0.2514616024320039,0.49464608796413934,0.8899494392324973,1.5030009112733653,2.4844814110987286,4.204810149023253,7.312056919962246,12.623630342947587,20.974194043942546,32.62150324089066,46.57650931752766,61.06662012522972,74.54998601386659,86.19760765022473,95.80406665023762,103.52004628120113,109.6361556610517,114.4614782601196,118.27093156671019,121.28999999999932,123.69619515461223,125.62640986593847,127.1852605082641,128.45253134839703,129.4892079824588,130.34214141063362,131.047565832757,131.63371934098356,132.1227865749287,132.5323383631185,132.8764016711279,133.16625881725116
49,5509967,"MULTIPOLYGON (((-16.16666666666663 16.25, -16.16666666666663 16.33333333333337, -16.08333333333337 16.33333333333337, -16.08333333333337 16.25, -16.16666666666663 16.25)))",16.2916666667,-16.125,8611.84,2022-07-01,3.367456896551725e-05,2022.0,2.1797049454117636,2.761349454634936,3.4580846922656905,4.28339777731121,5.2508830804479105,6.374861335017728,7.672991107547424,9.172847899048554,10.92367343974301,13.011748180652953,15.578402283259592,18.855155187586387,23.239556934149874,29.37287718289404,38.190961028019316,51.49122280700291,73.30902709301053,108.3435962468292,156.79042645673007,213.3299999999995,271.09098137574574,325.03010460822446,372.69869227398794,413.5678322452222,448.14047258406885,477.3194958195199,502.0620960041404,523.2274998445681,541.5299190554769,557.5402210196017,571.7059068254166,584.3749859940019
50,5509966,"MULTIPOLYGON (((-16.25 16.25, -16.25 16.33333333333337, -16.16666666666663 16.33333333333337, -16.16666666666663 16.25, -16.25 16.25)))",16.2916666667,-16.2083333333,8602.560000000001,2022-07-01,0.0013309991444407,2022.0,7.519291150060819e-16,5.0222896627430075e-12,4.78189978297196e-09,9.986501239608285e-07,6.398607278158994e-05,0.0016335148932540165,0.0203669158798161,0.1453315010265892,0.6724522186016022,2.245236763299016,5.994495498608148,13.874429865906569,28.917100605020504,55.25006093235881,97.93399912623396,161.8855649375892,248.40583438646482,347.3091424403522,441.75168056186214,520.4899999999998,580.7766824135512,624.7808251808347,656.1320433297388,678.2393685892415,693.7902007569328,704.7495677491872,712.5054090022207,718.0233596303411,721.9719133440766,724.8140872396516,726.8716973574066,728.3695579630262
51,5509965,"MULTIPOLYGON (((-16.333333333333314 16.25, -16.333333333333314 16.33333333333337, -16.25 16.33333333333337, -16.25 16.25, -16.333333333333314 16.25)))",16.2916666667,-16.2916666667,8611.84,2022-07-01,0.0004366082045184,2022.0,1.4085853605498658e-08,3.7295953373103213e-07,6.259324084594827e-06,7.143351394254461e-05,0.0006088361496602717,0.004386419580305602,0.02784382537926675,0.1443117234184111,0.5760973470051258,1.7797976814804104,4.414432605454189,9.197189411305018,16.86692167712421,28.75713237397913,47.81305024900976,78.52836384860908,124.22729408598391,181.25150241905988,240.9007616016717,296.42999999999927,345.1722642967921,387.0103360146664,422.7533930756529,453.3408177732743,479.59063315078646,502.1669212520909,521.6069705871237,538.3532537144814,552.7774521032142,565.1965553499818,575.8835166485599,585.0745898691135
